Age,BMI,Weight (kg),Height (m),Max_BPM,Avg_BPM,Resting_BPM,Session_Duration (hours),Fat_Percentage,Water_Intake (liters),Workout_Frequency (days/week),Calories_Burned,Gender_Male,Workout_Type_HIIT,Workout_Type_Strength,Workout_Type_Yoga,Experience_Level_2,Experience_Level_3
56,30.2,88.3,1.71,180,157,60,1.69,12.6,3.5,4,1313.0,True,False,False,True,False,True
46,32.0,74.9,1.53,179,151,66,1.3,33.9,2.1,4,883.0,False,True,False,False,True,False
32,24.71,68.1,1.66,167,122,54,1.11,33.4,2.3,4,677.0,False,False,False,False,True,False
25,18.41,53.2,1.7,190,164,56,0.59,28.8,2.1,3,532.0,True,False,True,False,False,False
38,14.39,46.1,1.79,188,158,68,0.64,29.2,2.8,3,556.0,True,False,True,False,False,False
56,20.55,58.0,1.68,168,156,74,1.59,15.5,2.7,5,1116.0,False,True,False,False,False,True
36,23.76,70.3,1.72,174,169,73,1.49,21.3,2.3,3,1385.0,True,False,False,False,True,False
40,30.57,69.7,1.51,189,141,64,1.27,30.6,1.9,3,895.0,False,False,False,False,True,False
28,32.34,121.7,1.94,185,127,52,1.03,28.9,2.6,4,719.0,True,False,True,False,True,False
28,30.07,101.8,1.84,169,136,64,1.08,29.7,2.7,3,808.0,True,False,False,False,False,False
41,43.31,120.8,1.67,188,146,54,0.82,20.5,3.0,2,593.0,True,True,False,False,False,False
53,17.89,51.7,1.7,175,152,72,1.15,23.6,3.5,3,865.0,True,True,False,False,True,False
57,43.4,112.5,1.61,195,165,61,1.24,22.1,2.7,3,1013.0,True,False,False,False,True,False
41,23.62,94.5,2.0,179,136,69,1.18,27.6,3.7,3,794.0,True,True,False,False,False,False
20,35.93,117.7,1.81,196,161,54,1.35,26.4,3.3,3,1195.0,True,False,False,True,True,False
39,13.88,42.5,1.75,181,131,52,1.13,26.2,2.1,2,740.0,False,False,True,False,False,False
19,27.34,64.0,1.53,166,167,58,1.33,29.8,2.3,3,1111.0,False,True,False,False,True,False
41,13.98,43.8,1.77,182,165,58,1.19,31.9,1.6,3,884.0,False,False,False,False,False,False
47,21.81,66.8,1.75,199,146,56,1.13,32.8,2.5,3,742.0,False,False,True,False,True,False
55,26.96,75.2,1.67,188,167,51,1.37,25.2,2.2,2,1030.0,False,True,False,False,False,False
19,28.41,89.0,1.77,175,127,72,1.5,28.9,3.7,4,1048.0,True,False,True,False,True,False
38,22.95,71.9,1.77,197,142,72,1.12,25.7,3.1,2,875.0,True,False,False,False,False,False
50,25.16,71.0,1.68,187,161,70,1.17,33.1,2.5,2,848.0,False,False,False,True,False,False
29,38.16,120.9,1.78,197,168,65,0.78,28.1,3.4,2,721.0,True,False,False,True,False,False
39,22.51,64.3,1.69,190,148,58,1.25,26.9,1.9,4,925.0,False,True,False,False,True,False
42,21.78,63.7,1.71,173,169,62,1.42,26.1,1.8,3,1080.0,False,False,False,True,True,False
44,20.12,65.2,1.8,192,139,68,0.73,27.2,2.7,2,502.0,True,True,False,False,False,False
59,17.6,53.9,1.75,168,135,69,1.48,21.6,2.8,4,989.0,True,False,True,False,True,False
45,24.54,84.9,1.86,186,136,66,1.64,14.2,3.5,5,1104.0,True,True,False,False,False,True
33,27.64,78.0,1.68,183,135,55,1.29,32.3,1.8,3,871.0,False,True,False,False,True,False
32,33.4,108.2,1.8,172,138,53,1.27,28.4,3.5,3,964.0,True,True,False,False,False,False
20,28.31,65.4,1.52,185,127,50,1.03,28.0,2.2,4,654.0,False,False,False,True,True,False
54,19.37,50.2,1.61,188,157,67,1.48,28.2,2.7,2,1046.0,False,True,False,False,False,False
24,25.83,58.9,1.51,187,157,68,1.04,31.7,2.5,2,816.0,False,False,False,False,False,False
38,27.84,81.4,1.71,187,148,58,1.52,10.2,3.5,5,1237.0,True,True,False,False,False,True
26,42.63,127.6,1.73,167,160,62,1.32,27.3,2.9,3,1162.0,True,False,True,False,False,False
56,24.37,59.3,1.56,182,155,57,1.26,33.4,2.6,4,879.0,False,False,False,False,True,False
35,33.14,96.9,1.71,188,145,72,1.34,24.2,2.9,3,1069.0,True,False,True,False,True,False
21,19.11,62.6,1.81,164,150,62,1.3,27.6,3.5,4,1072.0,True,False,True,False,True,False
42,17.77,45.5,1.6,166,163,64,1.31,21.7,2.6,3,1057.0,True,False,True,False,True,False
31,21.4,48.8,1.51,195,131,60,1.48,28.2,2.0,2,969.0,False,False,False,False,False,False
26,17.3,44.3,1.6,186,136,61,1.08,34.7,2.0,3,734.0,False,False,False,False,False,False
43,33.8,113.2,1.83,161,134,63,1.45,29.9,2.9,4,962.0,True,False,False,True,True,False
19,23.93,60.5,1.59,184,128,53,1.14,30.1,2.2,2,730.0,False,False,False,False,False,False
37,40.1,124.2,1.76,168,158,50,1.5,29.3,2.8,2,1304.0,True,True,False,False,False,False
45,15.31,52.4,1.85,186,161,73,1.2,25.2,2.5,3,956.0,True,False,True,False,False,False
24,18.07,54.7,1.74,160,167,53,0.84,22.9,3.6,3,772.0,True,False,False,True,False,False
25,23.17,88.1,1.95,182,131,68,1.41,22.7,3.0,2,1016.0,True,False,False,False,False,False
52,20.42,59.7,1.71,169,151,58,1.23,34.3,2.0,3,836.0,False,False,True,False,False,False
31,33.61,79.7,1.54,184,144,59,1.03,26.7,2.3,4,742.0,False,False,False,False,True,False
34,19.43,51.0,1.62,162,158,53,1.42,30.8,2.4,3,1122.0,False,False,False,True,True,False
53,27.18,84.2,1.76,165,137,69,1.67,12.8,3.5,5,1133.0,True,False,False,False,False,True
57,34.18,122.1,1.89,165,134,58,1.13,27.4,3.6,3,750.0,True,False,False,False,False,False
21,32.69,96.7,1.72,161,151,62,1.26,25.0,2.8,3,1046.0,True,False,True,False,False,False
19,22.78,73.0,1.79,177,125,61,0.81,27.7,1.6,3,506.0,False,True,False,False,False,False
23,44.84,114.8,1.6,182,163,60,1.47,21.7,2.7,4,1318.0,True,False,False,False,True,False
59,28.35,65.5,1.52,161,162,61,1.4,31.2,2.1,3,1021.0,False,False,False,True,True,False
21,21.77,50.3,1.52,171,154,67,1.08,32.2,2.6,3,832.0,False,False,False,False,False,False
46,20.86,61.0,1.71,181,153,61,1.67,17.8,2.7,4,1150.0,False,False,False,False,False,True
35,16.99,44.6,1.62,196,157,65,0.56,32.4,2.0,2,440.0,False,True,False,False,False,False
43,22.45,58.2,1.61,179,124,54,1.04,26.4,2.6,3,580.0,False,False,True,False,True,False
51,16.86,44.8,1.63,198,137,69,1.08,33.8,2.1,4,666.0,False,False,False,True,True,False
27,32.93,87.5,1.63,183,135,74,1.75,12.9,3.5,5,1299.0,True,False,True,False,False,True
53,17.11,51.8,1.74,179,127,61,1.23,21.3,3.7,3,773.0,True,False,True,False,True,False
31,22.28,64.4,1.7,160,144,70,1.97,17.3,2.7,5,1418.0,False,False,True,False,False,True
48,25.89,67.1,1.61,160,151,74,0.62,33.4,1.5,2,421.0,False,False,False,False,False,False
32,33.55,85.9,1.6,176,145,60,1.99,14.5,3.5,5,1587.0,True,True,False,False,False,True
25,20.88,65.4,1.77,160,141,58,0.89,27.6,2.6,3,627.0,False,False,False,False,False,False
31,19.72,61.1,1.76,189,150,67,1.81,18.6,2.7,4,1358.0,False,False,False,True,False,True
40,39.12,106.5,1.65,162,162,74,1.32,21.0,3.6,4,1176.0,True,True,False,False,True,False
57,27.7,64.0,1.52,170,129,52,1.73,15.2,2.7,5,1004.0,False,False,True,False,False,True
38,25.89,61.4,1.54,183,131,69,1.47,30.6,2.7,3,963.0,False,True,False,False,True,False
33,15.24,40.5,1.63,181,147,66,1.07,31.9,1.5,4,786.0,False,False,False,True,True,False
35,21.88,70.1,1.79,185,125,63,1.08,28.0,2.3,3,743.0,True,False,False,False,True,False
41,35.86,94.1,1.62,172,139,50,1.13,23.4,3.1,4,777.0,True,False,False,False,True,False
43,16.76,55.5,1.82,160,124,66,1.08,20.1,2.0,3,663.0,True,False,True,False,False,False
42,18.15,53.7,1.72,183,142,74,1.37,29.8,1.6,3,875.0,False,False,False,False,False,False
58,21.58,66.1,1.75,169,128,57,0.63,25.2,1.8,2,363.0,False,False,False,False,False,False
46,33.16,103.9,1.77,194,148,54,1.18,20.9,2.9,2,864.0,True,False,False,True,False,False
32,24.72,61.7,1.58,183,135,54,1.87,16.6,2.7,5,1262.0,False,True,False,False,False,True
18,17.27,52.3,1.74,187,165,58,1.2,29.4,2.2,2,990.0,False,False,False,False,False,False
42,19.65,59.5,1.74,195,141,52,1.78,16.4,2.7,5,1129.0,False,False,False,True,False,True
24,23.53,72.9,1.76,175,127,68,0.86,30.8,1.5,3,546.0,False,False,False,True,False,False
26,28.87,76.7,1.63,199,139,72,1.08,25.6,1.7,2,751.0,False,False,True,False,False,False
41,21.53,72.1,1.83,175,133,58,1.13,21.4,2.8,3,744.0,True,False,False,True,True,False
18,19.42,54.8,1.68,176,158,71,1.27,32.0,2.2,4,1003.0,False,False,True,False,True,False
25,29.71,105.0,1.88,174,156,67,1.34,21.4,2.3,3,1150.0,True,False,False,False,True,False
41,22.89,55.0,1.55,175,169,65,1.45,31.4,2.0,4,1103.0,False,False,True,False,True,False
28,29.61,81.6,1.66,174,153,50,1.09,20.5,3.5,4,917.0,True,False,False,True,True,False
34,29.53,75.6,1.6,193,130,51,0.64,29.1,2.7,2,416.0,False,True,False,False,False,False
25,31.44,81.5,1.61,170,159,63,1.93,10.9,3.5,4,1688.0,True,True,False,False,False,True
52,21.53,61.5,1.69,160,152,63,1.8,15.5,2.7,4,1231.0,False,False,False,False,False,True
52,27.85,74.0,1.63,174,150,50,1.26,25.7,3.7,3,936.0,True,False,False,False,True,False
50,22.31,56.4,1.59,185,163,74,1.26,34.3,2.6,3,924.0,False,True,False,False,False,False
22,30.3,102.6,1.84,163,153,65,1.25,20.5,2.7,3,1052.0,True,False,True,False,True,False
59,22.15,54.6,1.57,164,169,64,0.58,29.2,2.3,3,441.0,False,False,False,False,False,False
56,40.71,129.0,1.78,194,126,64,1.29,27.1,2.7,2,805.0,True,False,False,True,False,False
58,37.56,103.5,1.66,172,168,61,1.33,24.6,3.1,3,1106.0,True,False,False,False,False,False
45,26.05,59.4,1.51,169,142,65,1.15,33.1,1.9,4,735.0,False,False,True,False,True,False
24,18.76,60.1,1.79,170,165,63,1.97,15.9,2.7,4,1625.0,False,False,False,False,False,True
26,29.61,77.7,1.62,177,126,73,1.16,29.6,3.0,3,804.0,True,False,False,True,True,False
25,15.7,41.2,1.62,193,144,64,1.49,28.9,2.1,4,1073.0,False,False,False,True,True,False
29,22.61,58.6,1.61,198,122,72,1.2,23.4,2.0,3,805.0,True,False,False,True,True,False
51,34.5,109.3,1.78,182,157,64,0.54,28.7,3.3,3,420.0,True,False,True,False,False,False
50,18.12,69.6,1.96,166,139,68,0.97,25.6,2.0,3,667.0,True,False,True,False,False,False
40,17.54,56.2,1.79,198,153,57,1.79,17.6,2.7,5,1369.0,False,False,False,True,False,True
41,18.66,71.7,1.96,162,168,51,0.51,27.3,2.5,2,424.0,True,False,False,True,False,False
54,23.09,86.0,1.93,171,163,51,1.74,12.9,3.5,5,1404.0,True,False,True,False,False,True
52,31.41,79.4,1.59,166,163,59,1.39,26.6,1.5,3,1020.0,False,False,True,False,True,False
57,29.87,78.4,1.62,185,149,52,1.01,31.7,2.0,4,677.0,False,False,True,False,True,False
39,21.64,55.4,1.6,192,136,72,1.44,26.3,1.6,3,979.0,False,True,False,False,True,False
44,25.68,61.7,1.55,196,129,66,1.41,33.1,2.6,4,819.0,False,False,True,False,True,False
52,25.81,85.5,1.82,174,154,57,1.78,14.9,3.5,4,1357.0,True,False,False,True,False,True
18,23.52,87.6,1.93,161,139,72,1.72,11.9,3.5,4,1315.0,True,True,False,False,False,True
52,27.85,82.4,1.72,166,137,53,1.01,24.4,2.7,4,685.0,True,False,True,False,True,False
54,23.74,67.0,1.68,191,164,63,0.55,20.5,2.8,3,446.0,True,False,False,True,False,False
31,16.52,42.3,1.6,163,163,70,1.09,25.1,1.9,3,888.0,False,False,False,False,True,False
20,20.88,82.7,1.99,179,146,59,1.69,14.6,3.5,5,1357.0,True,True,False,False,False,True
18,30.52,92.4,1.74,195,168,50,1.41,21.3,3.1,2,1303.0,True,False,False,True,False,False
22,26.65,63.2,1.54,191,155,53,1.02,29.5,2.4,4,790.0,False,False,False,False,True,False
43,24.16,82.7,1.85,187,142,50,1.22,28.2,3.1,4,858.0,True,False,False,True,True,False
31,27.96,86.6,1.76,172,151,66,1.29,28.9,3.3,3,1071.0,True,False,True,False,True,False
56,34.06,129.5,1.95,160,129,66,1.0,25.2,3.5,2,639.0,True,False,True,False,False,False
44,29.26,98.0,1.83,194,130,56,1.28,25.7,3.5,4,824.0,True,False,False,False,True,False
26,30.54,86.2,1.68,189,157,72,1.97,13.3,3.5,5,1701.0,True,False,True,False,False,True
32,29.95,78.6,1.62,195,125,69,1.28,29.6,3.1,3,880.0,True,False,False,True,False,False
32,21.41,59.0,1.66,184,160,64,0.51,31.0,1.8,2,408.0,False,False,False,False,False,False
43,17.88,57.3,1.79,175,166,62,1.98,17.8,2.7,4,1479.0,False,False,False,True,False,True
59,34.24,122.3,1.89,178,153,51,0.66,20.1,3.1,3,500.0,True,False,False,True,False,False
30,22.43,85.3,1.95,160,155,68,1.61,10.4,3.5,5,1373.0,True,False,False,True,False,True
49,14.93,45.2,1.74,164,156,73,1.24,30.8,2.1,3,870.0,False,False,True,False,True,False
56,15.08,55.6,1.92,181,136,62,0.68,29.4,3.2,3,458.0,True,False,True,False,False,False
49,21.78,82.8,1.95,183,159,73,1.91,14.3,3.5,5,1503.0,True,False,False,True,False,True
21,45.43,125.2,1.66,196,159,60,1.38,29.8,3.4,3,1207.0,True,True,False,False,True,False
47,18.26,58.5,1.79,195,131,71,1.42,30.3,2.4,4,837.0,False,False,False,True,True,False
54,22.64,86.1,1.95,195,140,64,1.17,27.9,3.4,2,811.0,True,False,False,True,False,False
40,24.5,63.5,1.61,163,159,59,1.31,33.4,1.6,3,1041.0,False,False,False,False,True,False
56,24.55,69.3,1.68,195,138,58,0.66,26.5,2.1,2,451.0,True,False,False,True,False,False
32,26.86,70.5,1.62,177,122,58,1.24,28.4,1.8,2,756.0,False,False,True,False,False,False
46,22.08,60.1,1.65,175,137,69,1.69,17.3,2.7,4,1042.0,False,False,False,False,False,True
53,24.75,94.1,1.95,177,138,50,0.89,28.6,3.5,3,608.0,True,True,False,False,False,False
30,30.18,79.2,1.62,181,166,66,1.26,28.0,2.5,4,1046.0,False,False,False,False,True,False
49,31.61,115.3,1.91,161,125,61,1.38,29.2,3.2,2,854.0,True,True,False,False,False,False
24,19.63,62.9,1.79,180,135,59,1.42,27.3,2.3,4,958.0,False,False,False,False,True,False
39,23.05,62.0,1.64,195,127,54,0.97,27.5,3.2,3,678.0,True,False,False,False,False,False
45,27.93,88.5,1.78,198,167,67,1.53,13.2,3.5,4,1265.0,True,True,False,False,False,True
19,23.59,73.9,1.77,198,137,64,1.28,32.5,2.6,3,877.0,False,False,True,False,True,False
59,13.23,50.3,1.95,188,167,55,1.07,24.4,3.4,3,885.0,True,False,True,False,False,False
23,25.65,83.1,1.8,185,162,56,0.7,29.3,3.1,3,624.0,True,False,True,False,False,False
45,20.55,65.1,1.78,180,158,66,1.46,31.3,2.3,3,1038.0,False,False,False,False,False,False
45,14.54,46.6,1.79,176,168,55,1.46,22.9,2.4,3,1214.0,True,False,False,True,True,False
37,28.97,103.5,1.89,175,168,57,0.54,26.4,3.1,2,499.0,True,False,False,False,False,False
47,26.1,61.9,1.54,190,131,61,1.95,16.4,2.7,4,1150.0,False,False,False,True,False,True
28,20.06,52.0,1.61,168,164,70,1.32,27.9,2.0,3,1082.0,False,False,False,True,True,False
45,38.78,113.4,1.71,190,129,63,0.83,24.0,2.3,2,530.0,True,False,True,False,False,False
42,16.04,62.9,1.98,173,126,61,1.42,28.5,3.4,4,886.0,True,False,False,True,True,False
56,12.47,40.4,1.8,196,165,72,1.23,30.0,2.1,4,913.0,False,False,False,False,True,False
50,21.91,67.1,1.75,161,120,59,0.67,31.8,2.7,3,362.0,False,False,False,False,False,False
18,27.01,70.0,1.61,173,168,71,1.3,23.9,2.5,2,1201.0,True,False,True,False,False,False
44,22.69,69.5,1.75,192,155,69,1.02,27.6,2.1,3,711.0,False,True,False,False,False,False
30,39.16,107.9,1.66,194,140,64,1.08,29.5,2.8,3,832.0,True,False,False,False,True,False
58,29.88,109.0,1.91,198,156,56,1.49,26.0,2.2,3,1151.0,True,False,False,True,True,False
20,27.69,101.0,1.91,179,143,58,1.36,29.3,2.7,3,1070.0,True,False,False,False,True,False
56,25.86,88.5,1.85,161,144,59,1.57,11.0,3.5,4,1119.0,True,False,False,False,False,True
23,24.97,80.9,1.8,178,126,59,1.55,10.7,3.5,4,1074.0,True,False,False,False,False,True
25,16.42,43.1,1.62,196,161,65,1.04,33.6,1.8,4,837.0,False,True,False,False,True,False
44,25.58,59.1,1.52,177,136,56,1.58,18.4,2.7,5,967.0,False,False,False,True,False,True
26,23.07,54.0,1.53,175,148,54,1.14,26.9,1.7,3,844.0,False,False,True,False,False,False
54,22.82,72.3,1.78,163,149,72,1.27,27.7,1.8,2,852.0,False,False,False,False,False,False
50,13.03,51.1,1.98,171,126,52,0.92,28.0,2.4,2,574.0,True,False,False,True,False,False
59,30.22,89.4,1.72,188,152,67,1.08,24.5,3.2,3,813.0,True,False,False,True,False,False
41,15.9,51.5,1.8,166,126,60,1.09,26.7,2.1,4,680.0,True,False,True,False,True,False
32,24.87,87.9,1.88,173,143,64,1.52,11.6,3.5,5,1195.0,True,False,False,False,False,True
49,18.18,42.0,1.52,171,130,70,1.1,28.8,2.2,3,644.0,False,True,False,False,False,False
49,26.77,79.2,1.72,194,128,69,1.46,29.9,3.3,3,925.0,True,False,False,True,False,False
41,22.16,64.8,1.71,164,131,54,1.2,22.5,2.8,3,778.0,True,False,True,False,True,False
58,19.88,63.0,1.78,176,154,73,1.58,17.5,2.7,4,1095.0,False,True,False,False,False,True
29,17.94,56.2,1.77,191,123,61,0.68,33.4,2.6,3,418.0,False,False,False,True,False,False
56,19.67,52.9,1.64,169,155,53,1.1,27.4,2.3,3,767.0,False,False,False,False,True,False
19,17.16,49.0,1.69,176,147,64,1.05,29.2,2.4,3,772.0,False,False,False,True,False,False
20,37.87,128.2,1.84,164,132,58,0.83,26.2,2.3,3,603.0,True,True,False,False,False,False
54,24.16,83.6,1.86,168,142,56,1.54,12.4,3.5,5,1082.0,True,True,False,False,False,True
34,17.94,56.2,1.77,192,138,59,1.81,17.3,2.7,5,1249.0,False,False,False,False,False,True
19,27.71,87.8,1.78,195,161,72,1.28,23.6,3.3,2,1133.0,True,False,False,False,False,False
19,25.1,85.9,1.85,195,156,62,1.66,12.9,3.5,4,1424.0,True,False,True,False,False,True
45,14.61,51.1,1.87,177,158,57,1.44,26.2,3.4,4,1126.0,True,False,False,False,True,False
40,19.63,57.4,1.71,168,143,61,1.87,18.3,2.7,5,1337.0,False,False,True,False,False,True
54,31.17,114.9,1.92,188,135,71,1.2,20.7,2.6,4,802.0,True,True,False,False,True,False
49,22.54,62.1,1.66,173,152,73,1.37,31.3,1.8,3,937.0,False,True,False,False,True,False
50,15.65,57.1,1.91,184,131,68,1.09,29.5,2.7,4,707.0,True,False,False,True,True,False
18,21.02,68.1,1.8,174,153,50,1.1,25.4,3.3,4,926.0,True,False,False,True,True,False
36,25.42,69.2,1.65,165,126,65,1.23,27.2,2.7,3,852.0,True,False,True,False,False,False
19,28.22,65.2,1.52,188,130,71,1.23,30.6,2.4,3,800.0,False,False,False,False,False,False
43,36.29,108.6,1.73,174,150,66,1.33,28.5,2.2,2,988.0,True,False,False,False,False,False
49,14.69,40.0,1.65,188,148,74,1.03,34.3,2.5,3,686.0,False,False,False,True,True,False
23,16.78,41.9,1.58,163,132,67,0.56,26.8,1.8,3,370.0,False,True,False,False,False,False
49,29.56,68.3,1.52,177,150,60,1.45,29.4,1.8,4,979.0,False,False,True,False,True,False
21,34.53,88.4,1.6,198,121,67,1.71,12.0,3.5,4,1138.0,True,True,False,False,False,True
28,18.28,66.0,1.9,175,158,56,1.18,24.1,3.0,3,1025.0,True,True,False,False,False,False
34,26.73,71.9,1.64,170,134,67,1.26,21.3,2.1,4,929.0,True,False,False,False,True,False
55,25.85,75.6,1.71,173,130,57,1.03,28.1,2.0,4,663.0,True,False,True,False,True,False
41,25.08,63.4,1.59,162,153,55,1.84,15.2,2.7,5,1267.0,False,True,False,False,False,True
22,22.85,71.6,1.77,197,158,56,1.49,30.3,1.8,3,1177.0,False,False,False,True,False,False
51,18.32,57.4,1.77,177,123,72,1.08,31.6,2.1,4,598.0,False,False,False,True,True,False
23,21.16,83.8,1.99,179,130,71,1.79,11.0,3.5,4,1280.0,True,False,False,False,False,True
39,19.12,55.9,1.71,184,148,59,1.95,19.5,2.7,5,1443.0,False,False,False,True,False,True
28,28.09,87.0,1.76,197,121,60,1.2,28.4,3.5,3,799.0,True,False,False,True,True,False
33,22.33,65.3,1.71,172,135,74,1.18,29.7,2.5,4,796.0,False,True,False,False,True,False
50,16.28,45.4,1.67,163,158,62,1.37,24.1,2.8,4,1071.0,True,False,False,True,True,False
26,24.91,87.1,1.87,173,132,58,1.71,11.2,3.5,4,1241.0,True,False,False,True,False,True
23,26.26,78.6,1.73,192,156,56,1.47,32.3,1.5,4,1147.0,False,True,False,False,True,False
33,26.67,78.0,1.71,187,136,58,1.08,26.3,2.1,3,734.0,False,False,False,False,False,False
46,24.78,58.0,1.53,196,140,62,1.83,18.4,2.7,4,1153.0,False,False,False,False,False,True
20,24.96,71.3,1.69,167,163,52,1.28,33.4,2.3,3,1043.0,False,False,True,False,True,False
37,16.22,49.1,1.74,193,138,52,1.11,22.3,2.6,3,842.0,True,False,False,True,True,False
53,28.76,78.3,1.65,164,126,50,1.24,33.7,1.6,3,703.0,False,True,False,False,False,False
36,21.3,57.3,1.64,164,157,70,1.13,25.3,1.8,4,887.0,False,False,True,False,True,False
43,18.67,48.4,1.61,190,127,69,1.28,34.1,2.4,2,732.0,False,False,False,False,False,False
20,29.11,76.4,1.62,168,132,51,1.35,21.2,2.6,4,980.0,True,False,False,False,True,False
36,35.18,110.2,1.77,191,156,74,1.19,26.5,3.4,2,1021.0,True,True,False,False,False,False
37,23.53,72.9,1.76,192,121,52,1.21,27.5,1.9,3,732.0,False,False,True,False,True,False
49,23.73,82.1,1.86,162,160,64,1.87,14.2,3.5,4,1481.0,True,False,True,False,False,True
24,19.01,58.9,1.76,189,130,73,0.63,30.1,1.7,3,410.0,False,True,False,False,False,False
58,23.51,82.2,1.87,171,143,55,1.57,10.7,3.5,4,1111.0,True,True,False,False,False,True
50,32.69,96.7,1.72,188,125,62,1.46,25.7,2.7,3,903.0,True,False,True,False,True,False
57,23.53,81.4,1.86,162,145,70,1.8,12.0,3.5,5,1292.0,True,False,False,False,False,True
56,36.02,107.8,1.73,185,126,50,1.09,26.6,2.8,3,680.0,True,False,False,True,True,False
35,25.07,65.8,1.62,189,158,69,1.0,33.8,1.5,4,790.0,False,False,False,False,True,False
57,28.15,68.5,1.56,168,138,68,1.45,29.1,1.6,4,900.0,False,True,False,False,True,False
18,25.28,63.9,1.59,185,125,50,1.87,16.4,2.7,4,1169.0,False,False,True,False,False,True
28,29.07,76.3,1.62,161,162,70,1.16,20.1,2.3,3,1034.0,True,False,True,False,True,False
45,16.35,44.5,1.65,162,148,71,1.44,30.7,1.6,3,959.0,False,False,False,True,False,False
42,16.56,50.7,1.75,163,162,51,1.29,29.0,1.9,3,940.0,False,False,True,False,True,False
40,21.26,55.1,1.61,184,158,64,1.55,16.9,2.7,4,1224.0,False,False,False,True,False,True
48,28.43,73.7,1.61,172,121,63,1.36,21.8,3.6,4,815.0,True,False,False,False,True,False
47,17.75,55.6,1.77,198,138,68,1.2,24.3,2.9,4,820.0,True,False,False,False,True,False
59,28.05,86.9,1.76,194,123,60,1.13,29.8,3.1,3,688.0,True,False,True,False,True,False
52,21.36,60.3,1.68,182,125,64,1.6,16.5,2.7,4,900.0,False,False,True,False,False,True
24,15.02,40.4,1.64,168,168,55,0.99,31.0,1.9,2,832.0,False,True,False,False,False,False
33,28.49,78.5,1.66,161,156,69,1.29,32.8,1.9,4,1006.0,False,True,False,False,True,False
43,34.68,102.6,1.72,190,147,58,0.82,27.5,2.0,2,597.0,True,False,True,False,False,False
19,30.37,110.8,1.91,161,149,54,1.31,23.3,2.9,2,1074.0,True,False,True,False,False,False
18,19.01,60.9,1.79,191,126,69,1.11,31.1,2.1,2,699.0,False,False,False,False,False,False
29,21.49,55.7,1.61,177,128,51,1.41,28.7,2.3,3,993.0,True,False,True,False,False,False
22,29.98,110.5,1.92,172,144,55,1.16,20.2,3.3,3,919.0,True,True,False,False,True,False
54,18.88,55.2,1.71,164,152,67,0.77,24.4,2.8,2,579.0,True,False,False,False,False,False
49,15.72,46.5,1.72,169,120,72,1.4,22.2,2.6,4,832.0,True,False,False,True,True,False
26,25.73,70.9,1.66,184,125,68,0.81,28.9,1.7,3,506.0,False,True,False,False,False,False
58,24.36,74.6,1.75,193,137,58,1.09,24.2,2.9,2,739.0,True,True,False,False,False,False
52,15.24,45.1,1.72,196,129,70,0.93,27.5,3.3,2,594.0,True,False,False,False,False,False
36,25.23,99.9,1.99,189,147,73,1.33,20.9,2.5,3,1075.0,True,False,False,True,False,False
33,45.14,117.0,1.61,166,130,55,1.04,25.1,2.4,3,744.0,True,True,False,False,True,False
20,25.36,75.9,1.73,165,152,63,1.39,30.6,2.1,4,1056.0,False,False,True,False,True,False
37,26.47,71.2,1.64,162,120,73,1.11,29.9,1.7,3,666.0,False,True,False,False,True,False
41,26.64,78.8,1.72,172,132,62,1.01,27.3,3.1,4,660.0,True,False,False,False,True,False
50,17.72,50.6,1.69,162,156,60,1.31,23.8,3.0,2,1012.0,True,False,False,False,False,False
41,25.75,82.5,1.79,185,139,61,1.69,14.7,3.5,4,1163.0,True,False,False,False,False,True
28,33.86,108.5,1.79,183,120,68,1.33,24.8,2.1,4,878.0,True,True,False,False,True,False
25,12.73,49.9,1.98,165,122,68,1.15,25.7,2.1,3,772.0,True,False,False,True,True,False
53,34.29,125.1,1.91,171,137,70,0.52,28.3,3.1,2,353.0,True,False,True,False,False,False
55,28.92,79.7,1.66,195,160,68,1.06,27.8,1.9,2,763.0,False,False,False,False,False,False
57,47.72,126.8,1.63,161,133,73,0.96,20.8,2.1,2,632.0,True,False,False,True,False,False
37,22.15,54.6,1.57,170,150,62,1.31,32.1,2.4,3,982.0,False,False,True,False,False,False
52,20.16,47.8,1.54,198,146,63,1.34,29.8,1.9,3,880.0,False,False,False,False,True,False
42,26.84,97.9,1.91,193,136,73,1.01,29.0,2.8,3,680.0,True,False,True,False,True,False
52,26.61,63.1,1.54,185,165,67,1.36,34.8,1.8,3,1010.0,False,False,True,False,True,False
42,25.35,72.4,1.69,177,148,61,1.07,29.0,2.3,3,713.0,False,False,False,True,True,False
46,20.38,58.9,1.7,180,155,53,1.52,17.1,2.7,4,1060.0,False,False,True,False,False,True
35,19.69,50.4,1.6,195,156,59,1.03,29.1,1.9,4,803.0,False,False,False,False,True,False
35,25.39,64.2,1.59,199,145,66,1.63,16.6,2.7,5,1182.0,False,False,False,True,False,True
19,18.77,58.8,1.77,181,136,53,1.4,32.8,2.7,2,952.0,False,True,False,False,False,False
52,40.09,105.2,1.62,189,141,61,1.36,27.6,3.2,3,949.0,True,True,False,False,False,False
33,20.4,45.9,1.5,189,144,62,0.92,29.8,1.7,3,662.0,False,False,False,True,False,False
58,24.54,65.2,1.63,167,121,53,1.12,25.4,2.0,3,610.0,False,True,False,False,True,False
53,17.57,56.3,1.79,193,141,59,1.52,16.5,2.7,5,964.0,False,False,True,False,False,True
50,31.14,90.0,1.7,168,124,74,0.81,22.9,2.7,2,497.0,True,False,False,False,False,False
21,20.76,60.0,1.7,179,123,52,1.97,19.1,2.7,5,1212.0,False,False,True,False,False,True
50,17.61,51.5,1.71,199,155,64,1.48,20.9,2.9,2,1136.0,True,False,False,True,False,False
31,23.46,63.1,1.64,184,125,51,1.54,19.0,2.7,4,962.0,False,False,False,False,False,True
38,29.21,91.5,1.77,178,140,74,0.8,26.7,3.4,2,616.0,True,False,False,True,False,False
37,17.46,48.7,1.67,164,132,74,1.39,27.3,3.0,2,1009.0,True,False,False,True,False,False
25,23.75,57.8,1.56,170,156,66,1.35,29.3,1.6,3,1053.0,False,False,False,True,True,False
24,13.71,42.0,1.75,174,144,55,0.83,31.8,2.3,3,598.0,False,False,True,False,False,False
20,34.83,128.4,1.92,167,145,57,0.63,26.1,2.0,2,502.0,True,False,False,False,False,False
34,30.1,74.2,1.57,178,158,52,1.47,32.7,2.4,3,1161.0,False,False,False,False,False,False
50,31.75,89.6,1.68,182,139,74,1.79,12.2,3.5,5,1232.0,True,False,False,False,False,True
29,31.48,125.9,2.0,186,152,67,1.36,24.7,3.1,4,1137.0,True,False,True,False,True,False
39,26.64,105.5,1.99,199,133,71,0.81,26.4,2.5,2,593.0,True,True,False,False,False,False
39,32.32,93.4,1.7,191,155,50,1.1,21.1,2.5,4,938.0,True,False,True,False,True,False
47,24.25,82.1,1.84,185,136,65,1.37,24.4,3.4,4,922.0,True,False,True,False,True,False
55,15.02,42.9,1.69,186,140,56,0.9,34.7,2.4,2,567.0,False,False,False,True,False,False
55,45.49,128.4,1.68,178,165,52,1.13,20.4,2.6,4,923.0,True,False,False,False,True,False
25,29.26,112.4,1.96,188,135,72,1.42,23.2,2.5,2,1054.0,True,False,False,False,False,False
44,24.25,77.7,1.79,198,165,53,1.41,28.1,2.2,3,1047.0,False,True,False,False,False,False
44,22.55,89.3,1.99,192,135,58,1.4,26.3,2.0,4,936.0,True,True,False,False,True,False
51,29.26,70.3,1.55,178,139,54,1.4,26.1,1.6,3,876.0,False,False,False,True,False,False
38,19.98,59.1,1.72,196,148,68,1.07,31.3,1.7,3,792.0,False,False,False,False,True,False
47,17.47,49.9,1.69,178,147,64,1.48,26.0,1.7,3,979.0,False,True,False,False,True,False
50,36.47,101.7,1.67,192,127,57,0.53,20.9,2.9,2,333.0,True,True,False,False,False,False
45,25.49,93.0,1.91,175,143,55,1.03,27.3,3.7,3,729.0,True,False,False,False,True,False
50,34.14,87.4,1.6,182,122,67,0.77,23.2,3.1,2,465.0,True,False,True,False,False,False
22,21.26,55.1,1.61,166,144,68,1.62,19.9,2.7,4,1166.0,False,True,False,False,False,True
36,43.31,123.7,1.69,185,138,73,1.3,20.4,2.1,4,987.0,True,False,False,False,True,False
21,24.87,61.3,1.57,191,152,64,1.94,17.2,2.7,4,1474.0,False,True,False,False,False,True
52,19.21,72.3,1.94,171,121,56,1.46,21.1,2.9,3,874.0,True,False,False,True,True,False
34,29.56,69.2,1.53,167,134,59,1.36,28.5,2.1,2,911.0,False,True,False,False,False,False
45,31.4,81.4,1.61,164,141,55,1.14,30.0,2.2,4,796.0,True,False,False,False,True,False
47,24.51,84.8,1.86,187,129,63,1.85,14.4,3.5,5,1181.0,True,True,False,False,False,True
46,18.62,55.1,1.72,164,137,66,1.43,20.5,3.6,3,970.0,True,False,False,True,True,False
23,18.62,59.0,1.78,185,141,58,1.67,17.8,2.7,5,1177.0,False,False,False,True,False,True
52,28.46,64.9,1.51,164,165,68,1.83,18.2,2.7,4,1359.0,False,True,False,False,False,True
58,35.82,109.7,1.75,181,168,54,1.01,22.1,2.7,2,840.0,True,True,False,False,False,False
54,21.72,78.4,1.9,174,146,72,0.81,21.5,3.7,2,585.0,True,False,False,True,False,False
41,23.94,76.7,1.79,172,132,56,1.4,34.0,2.0,4,832.0,False,False,False,True,True,False
46,24.34,63.1,1.61,187,152,68,1.0,34.7,2.2,4,684.0,False,False,True,False,True,False
48,25.2,62.9,1.58,192,124,69,1.98,20.0,2.7,4,1105.0,False,False,True,False,False,True
52,28.27,85.6,1.74,182,145,56,1.84,13.9,3.5,4,1321.0,True,False,False,True,False,True
50,26.9,66.3,1.57,192,132,73,1.25,31.6,1.6,2,742.0,False,True,False,False,False,False
38,15.8,61.3,1.97,177,146,51,1.37,23.5,2.8,3,1100.0,True,False,False,False,False,False
49,16.2,44.1,1.65,189,133,74,1.16,26.7,1.8,4,694.0,False,True,False,False,True,False
40,24.31,63.8,1.62,185,143,72,1.3,20.8,3.4,2,1022.0,True,True,False,False,False,False
50,23.06,55.4,1.55,175,122,65,1.85,18.5,2.7,4,1016.0,False,False,True,False,False,True
20,29.92,74.7,1.58,172,166,62,1.04,32.8,2.4,3,863.0,False,False,True,False,True,False
35,27.97,78.0,1.67,198,168,57,1.13,33.3,2.5,4,949.0,False,False,True,False,True,False
42,20.62,57.5,1.67,192,149,55,1.14,34.1,2.4,2,764.0,False,False,False,True,False,False
59,20.28,60.7,1.73,185,154,55,1.03,33.8,2.5,3,714.0,False,False,False,True,True,False
48,22.79,69.0,1.74,160,167,58,1.48,30.0,2.3,3,1223.0,True,True,False,False,True,False
20,23.92,75.8,1.78,197,133,53,1.42,27.4,2.0,4,944.0,False,True,False,False,True,False
57,28.49,75.7,1.63,161,131,60,0.69,32.6,2.3,3,407.0,False,False,False,False,False,False
41,26.47,71.2,1.64,165,147,54,1.42,30.9,2.3,3,939.0,False,True,False,False,True,False
49,30.12,85.0,1.68,197,163,74,1.82,11.3,3.5,4,1468.0,True,True,False,False,False,True
39,26.13,63.6,1.56,183,148,66,1.22,34.8,2.4,2,903.0,False,False,True,False,False,False
40,19.45,73.2,1.94,177,162,69,0.81,29.0,2.4,2,722.0,True,False,True,False,False,False
19,20.91,48.3,1.52,186,136,56,0.96,26.3,1.6,2,653.0,False,False,True,False,False,False
44,13.51,42.8,1.78,167,159,64,1.49,25.3,2.6,3,1066.0,False,False,True,False,True,False
59,28.44,88.1,1.76,187,168,74,1.35,26.9,3.0,3,1123.0,True,False,True,False,True,False
19,23.64,72.4,1.75,169,140,64,1.2,31.0,1.7,4,840.0,False,False,False,False,True,False
43,20.71,73.2,1.88,176,142,63,1.17,29.4,3.3,3,822.0,True,False,False,False,False,False
34,31.94,110.5,1.86,188,139,62,1.42,22.3,3.6,2,1086.0,True,False,False,False,False,False
57,14.88,46.1,1.76,165,130,60,1.44,25.8,1.7,3,842.0,False,False,True,False,True,False
50,31.05,90.8,1.71,173,153,62,1.07,22.6,3.4,4,810.0,True,False,False,True,True,False
26,26.01,59.3,1.51,181,129,71,1.7,15.1,2.7,5,1096.0,False,False,True,False,False,True
56,15.07,45.1,1.73,165,129,73,0.83,25.4,2.6,3,482.0,False,False,True,False,False,False
46,14.36,45.0,1.77,185,162,58,1.48,29.1,3.6,3,1187.0,True,False,False,False,True,False
59,34.06,89.4,1.62,198,125,59,1.43,23.5,3.6,3,885.0,True,False,True,False,True,False
43,44.71,127.7,1.69,171,155,53,1.14,24.1,2.9,3,875.0,True,False,False,False,True,False
52,23.97,70.9,1.72,194,143,66,1.31,20.2,2.6,3,927.0,True,False,True,False,True,False
42,21.87,49.2,1.5,173,131,63,1.15,27.7,1.5,3,678.0,False,True,False,False,True,False
41,19.44,62.3,1.79,181,162,73,1.99,19.0,2.7,5,1451.0,False,False,False,True,False,True
30,18.33,64.1,1.87,182,142,67,0.64,26.2,2.1,2,500.0,True,False,False,True,False,False
24,22.76,69.7,1.75,166,146,60,1.41,32.5,2.0,3,1029.0,False,False,False,False,False,False
53,22.51,56.9,1.59,199,164,65,1.49,29.5,2.0,3,1100.0,False,True,False,False,True,False
37,18.13,53.0,1.71,184,156,50,1.13,28.1,1.7,4,881.0,False,False,False,True,True,False
18,30.26,72.7,1.55,172,125,56,0.84,29.8,2.0,3,525.0,False,False,False,False,False,False
25,19.91,76.5,1.96,180,120,59,0.67,23.2,2.3,3,442.0,True,False,True,False,False,False
33,28.69,113.6,1.99,169,125,58,1.38,28.4,3.4,2,949.0,True,False,True,False,False,False
31,23.81,62.5,1.62,168,169,74,1.56,16.5,2.7,4,1318.0,False,True,False,False,False,True
29,27.52,95.2,1.86,174,141,52,0.64,26.6,2.5,2,496.0,True,False,False,True,False,False
40,15.61,51.7,1.82,161,160,71,0.9,21.4,3.0,3,792.0,True,False,True,False,False,False
32,37.76,105.3,1.67,184,143,72,0.57,26.9,2.9,3,448.0,True,False,False,False,False,False
45,25.23,71.2,1.68,172,144,63,1.37,34.1,1.6,3,888.0,False,False,True,False,False,False
51,34.25,78.1,1.51,193,134,74,0.92,31.1,2.6,3,555.0,False,False,True,False,False,False
19,17.93,50.6,1.68,193,145,64,1.21,30.6,2.1,3,877.0,False,False,False,True,True,False
49,19.65,70.2,1.89,194,127,51,0.7,29.6,2.6,3,440.0,True,False,False,True,False,False
40,26.74,62.6,1.53,197,143,73,1.93,18.1,2.7,5,1380.0,False,False,False,False,False,True
39,22.26,60.6,1.65,162,167,63,0.92,27.6,1.7,3,768.0,False,True,False,False,False,False
42,19.69,76.4,1.97,165,157,65,1.14,22.9,2.6,3,886.0,True,True,False,False,True,False
39,21.65,63.3,1.71,178,125,56,1.88,18.5,2.7,4,1175.0,False,False,True,False,False,True
39,25.51,68.6,1.64,162,154,53,1.33,32.4,1.5,3,1024.0,False,False,False,False,True,False
59,34.89,123.3,1.88,177,161,67,1.3,23.0,2.6,4,1036.0,True,True,False,False,True,False
23,28.43,107.0,1.94,198,120,73,1.35,23.5,2.9,2,891.0,True,True,False,False,False,False
32,18.53,68.3,1.92,168,165,54,1.42,29.9,3.5,2,1289.0,True,False,True,False,False,False
54,18.67,47.8,1.6,171,155,55,1.19,26.0,2.3,4,830.0,False,False,False,False,True,False
50,18.23,58.4,1.79,164,131,56,1.6,17.0,2.7,4,943.0,False,True,False,False,False,True
25,25.41,74.3,1.71,162,157,64,1.43,25.6,1.6,3,1123.0,False,False,False,True,True,False
22,32.24,106.8,1.82,170,130,50,1.0,28.2,2.3,4,715.0,True,False,False,True,True,False
56,38.73,125.5,1.8,189,131,73,1.26,20.9,2.7,4,817.0,True,False,True,False,True,False
21,22.98,55.2,1.55,163,161,53,1.37,31.7,1.7,4,1103.0,False,False,True,False,True,False
23,24.13,71.4,1.72,164,169,74,1.25,25.6,1.5,2,1056.0,False,False,True,False,False,False
49,29.98,77.7,1.61,160,158,50,1.03,26.7,3.4,3,806.0,True,False,True,False,True,False
47,34.53,88.4,1.6,186,126,60,1.86,14.2,3.5,5,1160.0,True,True,False,False,False,True
52,26.46,104.8,1.99,187,130,67,0.93,24.0,2.0,2,598.0,True,False,False,False,False,False
57,28.78,82.2,1.69,188,155,63,1.15,25.2,3.4,4,882.0,True,False,True,False,True,False
33,22.27,68.2,1.75,177,150,71,0.85,29.0,1.7,2,638.0,False,False,True,False,False,False
30,23.08,91.4,1.99,171,152,60,1.37,23.0,3.7,3,1145.0,True,True,False,False,True,False
59,15.46,42.1,1.65,172,132,59,1.22,33.0,2.2,2,725.0,False,False,True,False,False,False
47,22.18,68.7,1.76,161,137,66,1.37,27.7,2.4,3,845.0,False,False,True,False,True,False
36,15.59,47.2,1.74,196,160,53,1.5,32.2,1.6,4,1200.0,False,False,False,False,True,False
34,29.7,92.0,1.76,175,143,73,0.73,22.1,3.5,3,574.0,True,False,False,True,False,False
36,14.78,56.2,1.95,183,128,64,1.09,22.5,3.4,4,767.0,True,False,True,False,True,False
45,19.74,58.4,1.72,194,150,65,1.31,23.4,3.1,4,973.0,True,True,False,False,True,False
43,21.8,82.9,1.95,181,160,70,1.9,12.9,3.5,5,1505.0,True,False,False,False,False,True
54,22.1,66.9,1.74,195,129,62,1.24,29.5,2.1,2,720.0,False,True,False,False,False,False
43,19.37,66.3,1.85,170,121,58,1.18,27.5,3.2,2,707.0,True,False,False,False,False,False
40,25.13,93.6,1.93,188,157,60,1.38,22.1,2.0,3,1192.0,True,False,False,False,False,False
26,28.49,64.1,1.5,194,134,60,1.93,15.1,2.7,5,1293.0,False,False,True,False,False,True
29,33.04,86.7,1.62,174,122,55,1.52,13.9,3.5,4,1020.0,True,False,True,False,False,True
18,24.52,62.0,1.59,190,162,50,1.23,33.2,2.2,4,996.0,False,False,True,False,True,False
18,22.41,58.1,1.61,175,150,71,1.9,15.3,2.7,4,1425.0,False,False,False,True,False,True
51,25.35,64.9,1.6,169,125,55,1.49,31.1,2.5,4,838.0,False,False,False,True,True,False
49,26.41,69.3,1.62,191,122,62,1.14,28.8,1.9,4,626.0,False,True,False,False,True,False
42,14.1,42.7,1.74,161,130,71,1.04,32.9,1.6,3,608.0,False,False,True,False,False,False
57,19.35,51.4,1.63,183,134,73,1.2,33.7,2.0,4,724.0,False,False,False,True,True,False
18,26.33,67.4,1.6,182,164,71,0.6,33.5,2.4,3,492.0,False,False,True,False,False,False
33,21.45,55.6,1.61,161,147,54,1.77,18.9,2.7,4,1301.0,False,False,False,True,False,True
56,36.22,125.3,1.86,197,129,64,1.0,22.7,2.2,3,639.0,True,False,False,True,True,False
22,29.83,102.1,1.85,190,157,67,1.48,28.1,2.4,4,1278.0,True,False,False,False,True,False
39,19.76,61.9,1.77,199,166,69,1.32,25.3,2.3,3,1205.0,True,False,True,False,False,False
46,40.45,108.8,1.64,185,169,63,1.4,20.5,3.4,3,1171.0,True,False,True,False,False,False
20,20.47,51.1,1.58,188,169,64,0.5,29.6,1.6,2,422.0,False,False,False,True,False,False
29,20.63,81.7,1.99,162,126,54,1.45,29.4,3.2,2,1005.0,True,False,True,False,False,False
43,15.5,42.7,1.66,173,134,53,0.73,33.9,1.9,2,440.0,False,False,False,True,False,False
33,20.66,81.8,1.99,184,137,51,1.59,10.5,3.5,4,1198.0,True,False,True,False,False,True
54,17.63,54.6,1.76,160,137,56,1.28,27.4,3.3,4,868.0,True,False,False,False,True,False
39,30.47,107.7,1.88,162,160,59,0.72,28.1,3.6,2,634.0,True,False,True,False,False,False
46,22.23,56.9,1.6,185,143,65,0.88,27.7,1.6,3,566.0,False,False,False,False,False,False
31,26.95,78.8,1.71,177,121,59,1.49,24.7,2.5,4,992.0,True,True,False,False,True,False
45,17.92,48.2,1.64,168,159,67,1.25,32.1,2.5,4,894.0,False,False,True,False,True,False
22,20.05,50.7,1.59,197,139,66,1.27,29.4,1.8,3,883.0,False,False,True,False,True,False
47,21.87,86.6,1.99,182,153,70,1.98,10.6,3.5,4,1500.0,True,False,True,False,False,True
22,36.25,96.3,1.63,180,162,62,1.35,27.1,2.4,4,1203.0,True,False,False,False,True,False
29,20.61,80.8,1.98,160,145,50,1.65,14.6,3.5,5,1316.0,True,False,True,False,False,True
33,24.78,58.0,1.53,180,126,50,1.84,18.3,2.7,5,1159.0,False,False,True,False,False,True
43,28.02,95.9,1.85,186,157,64,1.28,27.7,3.4,2,995.0,True,False,False,True,False,False
43,24.64,61.5,1.58,165,149,50,1.86,16.8,2.7,5,1247.0,False,True,False,False,False,True
38,12.67,40.6,1.79,195,161,55,0.62,26.8,2.7,2,499.0,False,False,False,False,False,False
56,23.59,82.5,1.87,187,124,74,1.51,13.2,3.5,5,927.0,True,False,False,True,False,True
53,31.04,105.1,1.84,176,130,62,0.69,23.3,2.9,3,444.0,True,False,False,False,False,False
50,23.27,58.1,1.58,199,120,50,1.93,19.3,2.7,5,1042.0,False,False,False,True,False,True
47,19.69,61.0,1.76,162,153,54,1.54,15.6,2.7,5,1060.0,False,True,False,False,False,True
54,27.55,64.5,1.53,171,120,58,1.74,17.2,2.7,4,940.0,False,False,False,True,False,True
40,14.85,58.2,1.98,198,138,74,1.43,24.0,2.5,3,1085.0,True,False,False,False,True,False
27,22.44,69.5,1.76,171,121,66,0.94,34.4,2.0,3,569.0,False,False,True,False,False,False
22,18.37,62.2,1.84,161,140,65,0.51,21.5,2.3,3,393.0,True,False,True,False,False,False
53,23.53,68.0,1.7,181,139,57,1.06,25.1,2.4,4,663.0,False,True,False,False,True,False
51,25.02,56.3,1.5,182,142,66,1.43,27.4,2.4,3,914.0,False,False,False,False,False,False
48,32.7,94.5,1.7,189,140,64,1.01,28.2,3.5,3,700.0,True,False,False,False,True,False
27,18.1,58.0,1.79,164,143,73,1.39,27.1,1.5,2,994.0,False,False,False,False,False,False
36,22.32,84.0,1.94,168,123,50,1.8,11.2,3.5,5,1218.0,True,True,False,False,False,True
49,17.44,61.0,1.87,180,131,61,1.14,21.3,3.0,4,739.0,True,False,True,False,True,False
18,27.68,64.8,1.53,170,141,54,1.98,18.6,2.7,5,1396.0,False,False,False,True,False,True
22,14.59,45.7,1.77,164,139,73,1.04,20.7,2.4,3,795.0,True,True,False,False,False,False
21,22.41,80.9,1.9,194,137,55,1.8,11.7,3.5,4,1356.0,True,False,False,True,False,True
33,24.13,64.1,1.63,186,120,74,1.58,16.4,2.7,5,948.0,False,False,True,False,False,True
41,21.39,67.0,1.77,161,149,50,1.22,25.6,2.6,3,900.0,True,True,False,False,True,False
33,41.6,106.5,1.6,183,152,74,1.4,27.3,3.3,4,1170.0,True,False,True,False,True,False
19,27.79,95.1,1.85,190,143,50,1.21,25.3,2.3,4,952.0,True,False,False,True,True,False
45,26.57,65.5,1.57,192,133,59,0.66,34.3,2.3,2,395.0,False,False,False,False,False,False
49,39.3,105.7,1.64,198,155,59,1.2,29.5,3.1,3,921.0,True,False,False,False,True,False
44,15.5,48.0,1.76,189,124,52,0.88,28.6,2.6,2,491.0,False,False,False,True,False,False
37,30.89,69.5,1.5,196,130,66,0.69,32.8,2.4,2,448.0,False,False,False,False,False,False
41,23.14,66.1,1.69,187,143,68,0.77,27.4,3.4,2,545.0,True,False,False,True,False,False
29,23.53,68.0,1.7,190,150,60,0.76,28.9,2.9,2,627.0,True,True,False,False,False,False
52,15.88,50.3,1.78,170,132,67,0.85,24.5,2.3,2,555.0,True,True,False,False,False,False
50,24.55,69.3,1.68,182,135,51,1.2,30.3,2.0,2,729.0,False,True,False,False,False,False
50,32.63,86.7,1.63,161,143,58,1.7,12.1,3.5,4,1203.0,True,False,False,False,False,True
54,33.45,125.9,1.94,199,132,73,1.35,28.5,2.9,3,882.0,True,False,True,False,True,False
29,23.65,88.1,1.93,186,143,66,1.88,11.1,3.5,5,1479.0,True,False,False,False,False,True
20,37.53,124.3,1.82,194,145,63,1.25,22.4,3.2,3,997.0,True,False,False,False,True,False
18,18.12,62.0,1.85,161,121,53,0.88,23.7,3.0,3,586.0,True,False,True,False,False,False
50,23.56,69.7,1.72,198,135,66,1.24,27.3,2.0,4,753.0,False,False,True,False,True,False
57,26.36,60.9,1.52,196,157,66,1.31,30.6,1.8,3,926.0,False,False,True,False,True,False
27,19.71,76.5,1.97,180,165,61,1.13,21.3,2.3,2,1025.0,True,False,True,False,False,False
46,28.59,94.7,1.82,164,120,69,1.47,23.2,3.2,3,873.0,True,False,False,False,True,False
30,22.17,67.9,1.75,180,168,67,1.25,29.1,3.1,2,1155.0,True,False,False,True,False,False
29,34.63,121.1,1.87,188,130,52,1.31,24.1,3.2,4,937.0,True,True,False,False,True,False
48,26.58,71.5,1.64,179,154,60,1.46,32.5,1.9,4,1012.0,False,False,False,True,True,False
19,34.12,98.6,1.7,197,162,74,0.83,21.1,2.4,2,740.0,True,False,False,False,False,False
52,25.67,68.2,1.63,179,148,67,1.17,27.5,2.4,3,779.0,False,False,True,False,False,False
40,20.2,57.7,1.69,184,156,53,1.18,33.1,2.4,4,920.0,False,True,False,False,True,False
34,46.9,124.6,1.63,161,136,66,1.41,27.6,2.8,3,1055.0,True,True,False,False,True,False
43,28.88,73.0,1.59,191,158,67,1.31,28.9,2.2,3,931.0,False,False,False,True,False,False
25,26.05,59.4,1.51,185,161,54,1.62,19.8,2.7,5,1304.0,False,False,False,False,False,True
46,19.1,52.0,1.65,165,147,63,0.7,34.1,1.9,2,463.0,False,False,False,False,False,False
43,15.5,42.2,1.65,162,148,59,1.33,34.6,2.3,3,886.0,False,False,False,False,True,False
27,33.2,89.3,1.64,192,162,64,1.82,12.1,3.5,4,1622.0,True,True,False,False,False,True
43,35.51,110.0,1.76,160,122,50,1.09,22.0,3.4,3,658.0,True,False,False,True,False,False
51,26.52,66.2,1.58,164,129,65,0.86,31.3,2.3,3,499.0,False,True,False,False,False,False
58,21.27,58.6,1.66,172,161,60,1.21,26.8,2.9,2,964.0,True,True,False,False,False,False
24,18.29,51.0,1.67,178,133,72,0.97,21.3,2.8,3,710.0,True,False,True,False,False,False
21,26.69,101.5,1.95,171,131,69,0.97,27.9,3.1,3,699.0,True,False,False,True,False,False
28,32.66,114.2,1.87,184,166,55,1.05,20.2,3.2,3,959.0,True,False,True,False,True,False
46,18.39,54.4,1.72,194,161,73,0.91,24.8,2.9,2,725.0,True,False,False,False,False,False
53,21.26,52.4,1.57,171,149,71,1.34,28.3,2.2,3,898.0,False,True,False,False,True,False
42,26.01,85.2,1.81,189,151,65,1.54,13.7,3.5,5,1151.0,True,False,False,True,False,True
38,27.61,83.6,1.74,164,151,51,1.66,11.6,3.5,5,1379.0,True,False,False,False,False,True
53,31.3,115.4,1.92,193,161,50,1.36,28.3,2.2,4,1084.0,True,False,False,True,True,False
27,18.35,71.2,1.97,181,151,73,0.74,25.9,3.6,3,615.0,True,True,False,False,False,False
54,30.51,78.1,1.6,198,145,73,1.1,32.9,2.4,4,718.0,False,False,False,True,True,False
26,19.91,54.2,1.65,172,120,58,1.07,34.9,1.9,4,642.0,False,False,False,False,True,False
41,25.05,77.6,1.76,162,161,71,1.27,31.8,2.2,4,920.0,False,False,True,False,True,False
52,16.8,44.1,1.62,179,121,61,1.41,34.8,1.6,3,768.0,False,True,False,False,False,False
52,26.39,85.5,1.8,190,136,66,1.7,10.1,3.5,5,1144.0,True,False,True,False,False,True
53,15.43,47.8,1.76,164,149,74,1.06,28.4,1.5,4,711.0,False,True,False,False,True,False
35,27.23,102.5,1.94,183,158,64,0.84,21.1,2.4,2,730.0,True,False,False,False,False,False
56,32.69,118.0,1.9,199,126,68,0.66,22.6,3.2,2,412.0,True,True,False,False,False,False
49,24.31,82.3,1.84,192,146,71,1.29,28.4,3.4,4,932.0,True,False,True,False,True,False
41,23.33,81.6,1.87,167,128,59,1.87,10.2,3.5,5,1185.0,True,True,False,False,False,True
40,17.03,60.2,1.88,183,141,61,1.22,25.2,3.0,3,946.0,True,False,False,False,True,False
49,20.75,49.2,1.54,179,153,63,1.28,30.7,2.1,3,881.0,False,True,False,False,True,False
54,20.71,46.6,1.5,175,165,58,1.38,30.6,2.0,2,1025.0,False,False,True,False,False,False
29,23.22,68.7,1.72,171,168,62,1.08,29.8,1.7,4,907.0,False,False,False,False,True,False
30,25.22,60.6,1.55,172,120,52,1.3,32.9,1.6,3,780.0,False,False,True,False,True,False
40,20.1,52.1,1.61,198,128,70,0.87,21.3,3.3,2,612.0,True,True,False,False,False,False
42,14.87,46.6,1.77,184,139,63,0.61,28.1,2.6,2,382.0,False,False,False,True,False,False
52,21.63,65.5,1.74,191,138,70,1.48,26.2,2.8,4,1011.0,True,False,True,False,True,False
58,17.93,44.2,1.57,183,155,59,1.08,31.9,2.3,3,753.0,False,True,False,False,False,False
47,26.32,89.1,1.84,168,159,65,1.44,24.0,3.6,3,1133.0,True,False,False,True,True,False
34,25.11,65.9,1.62,199,164,56,0.81,28.8,2.2,2,731.0,True,False,False,True,False,False
37,22.56,55.6,1.57,182,123,53,0.97,29.2,2.4,2,597.0,False,False,False,False,False,False
42,16.25,63.7,1.98,172,128,69,1.37,24.0,3.0,2,868.0,True,False,False,True,False,False
39,26.02,86.2,1.82,191,160,72,1.96,10.2,3.5,5,1725.0,True,False,True,False,False,True
30,22.28,59.2,1.63,174,141,74,1.85,17.8,2.7,4,1304.0,False,False,True,False,False,True
36,24.16,85.4,1.88,195,137,60,1.98,13.5,3.5,5,1492.0,True,False,False,True,False,True
53,28.35,68.1,1.55,164,131,65,1.41,26.1,2.2,4,831.0,False,True,False,False,True,False
29,22.86,60.0,1.62,181,161,69,0.85,28.1,1.9,2,684.0,False,False,True,False,False,False
58,26.19,74.8,1.69,175,162,53,1.28,32.8,2.3,4,933.0,False,False,True,False,True,False
36,33.17,90.3,1.65,169,158,71,1.38,23.7,3.4,4,1199.0,True,False,False,False,True,False
29,31.63,86.1,1.65,183,128,71,1.66,11.2,3.5,4,1169.0,True,True,False,False,False,True
26,26.75,73.7,1.66,177,125,72,0.93,26.7,2.2,2,639.0,True,False,False,True,False,False
24,27.82,67.7,1.56,177,138,66,1.42,27.0,2.1,3,980.0,False,True,False,False,True,False
45,20.38,78.3,1.96,166,167,62,1.29,29.0,2.2,3,1066.0,True,False,False,False,False,False
31,17.7,48.2,1.65,163,166,60,1.1,26.1,2.5,2,913.0,False,False,False,False,False,False
48,24.91,56.8,1.51,185,126,52,1.37,32.1,2.1,4,777.0,False,True,False,False,True,False
36,42.3,112.4,1.63,164,135,58,1.02,25.0,3.4,4,757.0,True,False,False,False,True,False
33,21.16,59.0,1.67,175,124,55,0.9,33.7,1.9,3,558.0,False,False,False,False,False,False
22,27.84,98.4,1.88,194,135,71,0.52,21.3,2.2,2,386.0,True,False,False,False,False,False
52,25.98,66.5,1.6,185,120,70,1.34,26.8,2.1,4,796.0,True,True,False,False,True,False
29,32.51,106.5,1.81,177,156,60,1.29,25.7,2.5,4,1107.0,True,False,False,False,True,False
42,23.73,88.4,1.93,188,158,65,1.68,12.4,3.5,4,1314.0,True,False,False,True,False,True
38,27.59,88.4,1.79,182,138,68,1.74,12.5,3.5,5,1321.0,True,False,False,True,False,True
53,17.6,53.3,1.74,173,156,54,1.37,32.2,1.8,3,962.0,False,False,True,False,True,False
40,23.87,58.1,1.56,174,136,63,0.61,34.4,2.2,2,415.0,False,False,False,True,False,False
33,23.95,74.2,1.76,192,145,66,1.15,25.9,1.5,4,834.0,False,False,True,False,True,False
56,31.84,84.6,1.63,184,141,52,1.01,20.2,2.9,4,705.0,True,True,False,False,True,False
59,21.16,78.0,1.92,180,127,53,0.72,28.1,2.7,3,453.0,True,False,False,False,False,False
56,31.53,89.0,1.68,176,152,65,1.77,10.5,3.5,5,1332.0,True,False,False,True,False,True
31,13.78,42.7,1.76,182,121,65,1.46,34.9,2.2,3,883.0,False,False,True,False,False,False
48,25.33,83.9,1.82,176,149,70,1.9,13.1,3.5,5,1401.0,True,True,False,False,False,True
22,34.06,78.7,1.52,173,166,74,1.45,31.5,2.3,3,1204.0,False,False,True,False,True,False
52,28.52,65.9,1.52,188,139,53,1.27,27.0,2.3,4,794.0,False,False,False,False,True,False
40,20.86,76.9,1.92,179,137,68,1.13,22.4,3.7,4,851.0,True,False,False,True,True,False
46,21.07,84.3,2.0,189,162,66,1.83,13.3,3.5,5,1467.0,True,True,False,False,False,True
28,24.37,62.4,1.6,178,129,62,1.1,34.1,1.7,3,710.0,False,False,True,False,True,False
35,21.04,63.7,1.74,198,143,71,1.03,29.8,2.7,4,810.0,True,True,False,False,True,False
29,23.76,54.9,1.52,172,123,72,1.48,27.0,2.0,3,910.0,False,False,True,False,False,False
26,23.84,76.4,1.79,177,156,73,1.17,21.3,2.7,3,1004.0,True,False,True,False,True,False
27,30.76,106.4,1.86,182,123,50,1.34,20.6,3.1,2,907.0,True,False,False,False,False,False
34,30.4,68.4,1.5,192,132,61,1.37,33.7,2.1,4,904.0,False,False,False,False,True,False
55,18.35,63.5,1.86,198,144,53,1.36,22.9,2.9,4,969.0,True,False,True,False,True,False
24,26.4,59.4,1.5,199,132,60,1.25,25.0,2.0,3,825.0,False,False,False,True,True,False
30,31.08,113.4,1.91,177,137,54,1.27,22.2,3.7,3,957.0,True,True,False,False,False,False
57,26.79,61.9,1.52,168,143,51,0.92,28.4,2.6,3,592.0,False,True,False,False,False,False
59,25.05,70.7,1.68,192,121,66,1.17,34.9,1.9,3,637.0,False,False,False,False,True,False
26,30.89,111.5,1.9,191,167,57,1.02,25.2,2.2,2,937.0,True,False,False,True,False,False
44,26.16,72.1,1.66,176,152,55,1.4,27.0,2.5,2,958.0,False,False,True,False,False,False
19,16.27,56.9,1.87,178,138,70,0.61,23.3,3.7,3,463.0,True,False,False,False,False,False
22,23.88,86.2,1.9,186,128,58,1.91,11.7,3.5,5,1345.0,True,False,True,False,False,True
46,21.05,59.4,1.68,165,147,62,1.16,20.2,2.5,4,844.0,True,False,True,False,True,False
54,25.55,75.6,1.72,194,154,60,0.97,26.4,1.9,3,672.0,False,False,False,False,False,False
55,25.49,76.3,1.73,196,158,65,1.08,32.0,2.6,3,768.0,False,False,False,True,False,False
36,27.69,95.8,1.86,193,129,65,1.37,21.2,3.2,3,972.0,True,True,False,False,False,False
25,36.01,120.6,1.83,179,120,51,1.04,22.3,2.5,3,686.0,True,False,False,False,True,False
18,27.18,65.3,1.55,184,161,59,1.42,28.5,2.2,3,1143.0,False,False,False,True,True,False
39,23.88,85.3,1.89,163,140,61,0.77,27.6,3.6,2,593.0,True,False,True,False,False,False
34,24.09,68.0,1.68,169,128,57,0.67,25.8,3.4,2,472.0,True,False,False,False,False,False
24,21.34,52.6,1.57,169,166,60,1.29,31.9,2.4,2,1071.0,False,True,False,False,False,False
42,20.2,63.3,1.77,183,134,59,1.32,25.7,3.3,3,876.0,True,True,False,False,True,False
21,28.03,76.3,1.65,180,154,62,1.14,31.8,1.7,3,878.0,False,False,True,False,True,False
53,22.96,61.0,1.63,170,124,74,0.54,20.0,3.4,3,331.0,True,False,False,False,False,False
23,26.16,67.8,1.61,186,160,66,1.34,34.3,1.8,2,1072.0,False,True,False,False,False,False
48,33.21,114.9,1.86,175,141,56,1.36,21.1,3.6,3,949.0,True,False,False,False,False,False
36,30.09,88.0,1.71,185,160,73,1.87,12.0,3.5,5,1646.0,True,True,False,False,False,True
56,27.12,67.7,1.58,189,142,52,1.45,32.7,1.9,2,927.0,False,False,True,False,False,False
44,36.46,124.8,1.85,175,126,69,1.35,24.4,3.5,4,842.0,True,False,True,False,True,False
27,21.23,53.0,1.58,166,142,62,1.26,34.5,1.8,4,895.0,False,False,False,False,True,False
43,17.32,61.2,1.88,175,163,68,1.03,24.7,2.9,3,831.0,True,False,False,True,False,False
36,17.25,48.7,1.68,194,144,56,1.23,33.7,1.6,3,886.0,False,False,False,True,False,False
56,17.51,50.6,1.7,175,146,58,1.29,33.1,2.3,2,848.0,False,False,True,False,False,False
20,24.26,72.6,1.73,199,160,68,1.27,34.8,2.5,3,1016.0,False,True,False,False,True,False
30,28.93,70.4,1.56,171,125,62,1.03,34.3,2.4,4,644.0,False,False,False,True,True,False
45,14.85,52.5,1.88,194,153,71,1.08,29.0,2.9,4,818.0,True,False,True,False,True,False
37,24.35,76.3,1.77,180,128,57,1.36,27.3,2.1,4,957.0,True,True,False,False,True,False
45,16.5,41.2,1.58,195,168,71,1.47,28.7,2.6,2,1111.0,False,True,False,False,False,False
25,17.85,55.3,1.76,176,152,67,1.56,15.5,2.7,4,1186.0,False,False,False,True,False,True
58,17.82,49.7,1.67,191,125,72,1.38,31.9,2.3,4,776.0,False,False,True,False,True,False
56,13.81,48.3,1.87,165,156,51,0.68,29.8,3.3,3,525.0,True,True,False,False,False,False
18,21.66,83.2,1.96,183,150,67,1.83,13.6,3.5,4,1510.0,True,True,False,False,False,True
20,40.26,120.5,1.73,186,153,67,1.01,29.3,3.4,3,850.0,True,False,False,False,True,False
30,30.4,121.6,2.0,179,160,60,1.24,28.0,3.3,4,1091.0,True,False,False,False,True,False
45,23.84,73.0,1.75,184,148,50,1.14,26.6,2.0,4,759.0,False,False,False,True,True,False
42,20.62,57.5,1.67,161,133,63,1.76,16.2,2.7,5,1053.0,False,False,False,False,False,True
50,18.24,42.7,1.53,168,155,65,1.41,28.4,2.4,4,983.0,False,False,True,False,True,False
55,43.4,129.9,1.73,187,155,60,0.69,21.7,3.1,3,529.0,True,False,False,True,False,False
23,29.46,108.6,1.92,197,134,50,0.89,25.8,3.5,2,656.0,True,False,False,True,False,False
49,22.15,88.6,2.0,162,127,56,1.83,14.9,3.5,4,1150.0,True,False,False,False,False,True
38,21.8,49.7,1.51,179,145,65,1.25,32.6,2.5,3,906.0,False,True,False,False,False,False
33,23.78,56.4,1.54,165,155,63,1.06,29.2,1.5,3,822.0,False,False,True,False,False,False
38,15.49,46.9,1.74,198,167,64,1.03,20.0,2.6,4,946.0,True,False,True,False,True,False
28,25.57,71.3,1.67,192,140,63,1.46,28.1,1.5,4,1022.0,False,False,True,False,True,False
54,20.7,71.6,1.86,160,147,70,1.14,25.3,2.2,3,830.0,True,False,False,True,True,False
53,31.75,82.3,1.61,196,123,60,1.87,11.6,3.5,5,1139.0,True,False,True,False,False,True
52,24.72,70.6,1.69,165,135,65,1.36,26.1,2.2,3,826.0,False,True,False,False,False,False
36,41.84,109.8,1.62,193,141,68,0.84,24.4,3.5,3,651.0,True,True,False,False,False,False
37,25.73,73.5,1.69,174,131,66,0.54,27.5,1.6,2,354.0,False,False,False,False,False,False
35,25.01,85.6,1.85,185,135,55,1.78,14.5,3.5,5,1322.0,True,False,True,False,False,True
58,26.43,74.6,1.68,173,159,60,1.03,26.0,2.0,4,737.0,False,False,False,True,True,False
31,19.51,63.2,1.8,166,157,66,0.59,25.5,2.6,2,463.0,False,False,False,False,False,False
32,23.56,62.6,1.63,190,161,58,1.67,15.0,2.7,5,1344.0,False,True,False,False,False,True
48,28.12,87.1,1.76,183,156,67,1.81,11.6,3.5,5,1398.0,True,False,True,False,False,True
18,24.31,82.3,1.84,190,148,66,1.73,13.3,3.5,5,1408.0,True,True,False,False,False,True
20,20.29,64.3,1.78,188,137,61,1.71,18.7,2.7,4,1171.0,False,False,False,False,False,True
33,19.49,53.7,1.66,191,129,72,1.25,29.5,2.5,3,806.0,False,True,False,False,False,False
40,15.75,63.0,2.0,176,161,71,1.42,26.8,2.9,4,1257.0,True,False,True,False,True,False
28,37.11,128.4,1.86,173,158,71,1.06,23.6,3.3,4,921.0,True,False,True,False,True,False
29,24.64,88.0,1.89,199,137,54,1.75,13.3,3.5,5,1319.0,True,False,False,False,False,True
27,27.57,63.7,1.52,195,120,60,1.19,25.4,2.1,4,714.0,False,False,True,False,True,False
49,23.94,83.7,1.87,183,158,53,1.29,23.9,2.3,4,1009.0,True,True,False,False,True,False
33,33.5,102.6,1.75,186,140,53,1.4,27.9,2.2,3,1078.0,True,True,False,False,True,False
25,32.34,77.7,1.55,184,120,52,0.55,33.0,1.7,2,330.0,False,False,False,True,False,False
55,24.76,87.5,1.88,191,134,73,1.19,27.2,2.6,4,789.0,True,False,False,True,True,False
29,25.15,87.0,1.86,177,123,72,1.52,11.0,3.5,4,1028.0,True,False,False,True,False,True
41,30.05,82.8,1.66,177,139,74,1.97,11.2,3.5,5,1355.0,True,True,False,False,False,True
45,23.17,65.4,1.68,196,129,66,0.76,35.0,2.6,3,441.0,False,True,False,False,False,False
25,16.14,47.2,1.71,185,142,56,0.89,26.0,2.5,2,632.0,False,False,False,False,False,False
45,20.14,58.2,1.7,168,160,53,0.95,26.8,2.0,3,684.0,False,False,False,True,False,False
53,30.59,73.5,1.55,194,153,72,1.17,26.3,2.1,4,806.0,False,True,False,False,True,False
43,18.44,55.2,1.73,167,165,62,1.67,16.6,2.7,5,1240.0,False,False,False,False,False,True
25,22.02,64.4,1.71,179,167,61,1.12,27.1,1.8,3,935.0,False,True,False,False,False,False
45,24.28,73.5,1.74,181,152,50,1.18,30.0,2.3,4,807.0,False,False,False,False,True,False
45,27.35,89.6,1.81,178,153,70,1.7,12.4,3.5,5,1287.0,True,False,False,True,False,True
54,27.92,86.5,1.76,189,158,68,1.48,29.0,3.4,3,1158.0,True,False,False,True,True,False
58,16.53,46.1,1.67,187,129,70,1.28,25.3,1.8,4,743.0,False,False,False,True,True,False
53,17.65,68.5,1.97,194,139,69,1.3,23.2,2.1,3,894.0,True,True,False,False,True,False
44,27.94,94.6,1.84,170,120,67,1.26,26.0,3.1,4,748.0,True,True,False,False,True,False
34,23.46,54.2,1.52,190,132,60,1.13,31.0,2.2,3,746.0,False,False,False,False,False,False
26,15.23,47.7,1.77,198,120,69,1.15,24.8,2.7,3,759.0,True,False,True,False,True,False
50,15.42,52.2,1.84,195,124,52,1.38,28.2,3.1,4,847.0,True,False,True,False,True,False
37,23.35,88.8,1.95,189,135,66,1.58,10.3,3.5,5,1173.0,True,False,False,True,False,True
30,35.79,101.0,1.68,182,134,61,1.46,28.2,2.9,4,1076.0,True,False,True,False,True,False
45,31.14,118.4,1.95,178,168,59,1.06,24.9,2.4,3,881.0,True,False,False,True,True,False
46,16.19,47.9,1.72,171,147,57,1.41,26.3,2.0,3,933.0,False,False,False,False,False,False
30,17.01,51.5,1.74,174,150,64,1.08,33.9,2.0,3,810.0,False,False,True,False,True,False
52,35.04,79.9,1.51,190,142,54,0.75,31.5,2.6,3,479.0,False,False,True,False,False,False
23,35.44,121.3,1.85,196,167,53,0.72,21.6,3.6,2,661.0,True,False,False,True,False,False
35,29.34,78.9,1.64,196,164,70,1.28,25.3,2.6,4,1050.0,False,False,False,False,True,False
22,33.72,88.5,1.62,174,162,69,1.88,10.7,3.5,5,1675.0,True,False,True,False,False,True
42,27.66,73.5,1.63,188,136,68,0.52,26.1,3.2,3,350.0,True,False,True,False,False,False
19,34.34,127.9,1.93,185,168,70,1.27,21.8,3.0,4,1173.0,True,False,True,False,True,False
27,22.57,88.5,1.98,161,153,53,1.8,11.1,3.5,4,1515.0,True,False,False,False,False,True
47,16.54,43.4,1.62,179,132,64,0.51,25.3,2.3,3,303.0,False,False,False,False,False,False
22,17.59,42.8,1.56,174,133,66,1.47,32.2,2.6,3,978.0,False,False,True,False,True,False
50,20.13,64.5,1.79,163,130,61,1.17,28.1,2.4,4,753.0,True,False,False,True,True,False
18,21.66,50.7,1.53,181,147,52,1.29,33.0,2.1,3,948.0,False,False,False,True,True,False
35,21.48,59.2,1.66,197,161,59,1.3,21.3,3.2,3,1151.0,True,False,True,False,False,False
49,26.36,78.9,1.73,182,151,64,1.38,34.0,2.3,2,938.0,False,False,False,False,False,False
28,29.62,78.7,1.63,185,154,59,1.1,31.7,1.8,3,847.0,False,False,True,False,True,False
38,18.64,68.7,1.92,170,150,73,1.31,29.0,3.0,4,1081.0,True,False,False,False,True,False
43,21.0,53.1,1.59,187,136,72,0.82,29.5,2.5,2,502.0,False,False,True,False,False,False
42,23.8,64.8,1.65,161,166,67,1.1,24.4,2.8,3,904.0,True,False,False,False,True,False
39,19.41,50.3,1.61,167,128,50,1.17,32.8,2.5,2,749.0,False,True,False,False,False,False
44,38.5,102.3,1.63,188,129,52,1.34,20.9,2.6,4,856.0,True,False,False,True,True,False
30,17.06,62.9,1.92,170,127,70,1.13,25.2,3.6,2,789.0,True,True,False,False,False,False
50,22.07,56.5,1.6,196,140,61,1.88,19.2,2.7,5,1184.0,False,False,False,True,False,True
51,31.05,74.6,1.55,177,132,50,0.71,33.3,2.1,2,422.0,False,False,False,False,False,False
58,16.23,52.0,1.79,173,169,52,1.12,29.6,3.0,3,937.0,True,True,False,False,False,False
52,18.68,52.1,1.67,169,124,52,1.5,32.0,1.5,2,837.0,False,False,False,True,False,False
18,30.44,72.2,1.54,194,125,54,0.97,27.1,1.7,2,606.0,False,False,True,False,False,False
38,26.48,85.8,1.8,168,149,68,1.72,10.1,3.5,4,1410.0,True,False,False,False,False,True
23,23.78,81.4,1.85,194,150,74,1.6,12.4,3.5,4,1320.0,True,False,False,False,False,True
45,18.7,50.9,1.65,170,136,50,1.45,30.1,2.3,2,887.0,False,False,True,False,False,False
34,16.41,52.0,1.78,171,130,53,1.38,22.4,2.7,4,987.0,True,False,True,False,True,False
22,19.06,71.0,1.93,162,139,53,1.42,21.2,2.9,4,1086.0,True,False,False,True,True,False
48,25.73,80.6,1.77,198,167,66,1.51,12.9,3.5,4,1248.0,True,False,False,False,False,True
22,19.71,58.3,1.72,173,128,63,1.0,32.6,1.6,3,640.0,False,False,False,True,True,False
55,21.8,63.0,1.7,187,121,67,1.32,34.9,2.5,3,719.0,False,False,True,False,False,False
20,29.49,111.0,1.94,170,156,50,1.02,27.6,3.3,4,875.0,True,False,False,False,True,False
40,19.09,52.6,1.66,198,120,71,1.27,32.9,1.7,3,762.0,False,False,True,False,True,False
54,29.1,116.4,2.0,184,123,65,1.13,26.2,3.1,3,688.0,True,False,False,True,False,False
54,29.17,75.6,1.61,180,155,52,1.41,34.9,2.5,4,983.0,False,False,False,True,True,False
27,19.01,61.6,1.8,169,144,72,1.48,26.4,3.1,2,1172.0,True,False,False,True,False,False
27,33.33,108.0,1.8,174,122,70,1.38,28.6,2.5,4,926.0,True,False,False,False,True,False
36,19.36,59.3,1.75,178,128,58,0.99,34.5,2.3,3,634.0,False,False,True,False,False,False
34,20.11,75.7,1.94,181,141,72,1.18,29.3,2.4,4,915.0,True,False,True,False,True,False
38,21.99,56.3,1.6,180,142,53,1.21,28.8,1.9,4,859.0,False,False,False,True,True,False
31,19.45,58.2,1.73,191,131,70,1.17,25.8,1.8,3,766.0,False,False,False,True,True,False
26,19.73,55.7,1.68,182,129,54,1.13,21.7,2.9,3,802.0,True,False,False,True,False,False
18,45.14,125.9,1.67,172,153,60,1.46,20.6,2.2,3,1229.0,True,False,False,True,True,False
30,22.48,62.7,1.67,164,162,70,1.02,26.1,2.6,4,826.0,False,True,False,False,True,False
21,25.03,86.6,1.86,163,129,58,1.37,21.8,2.6,3,972.0,True,True,False,False,True,False
18,19.47,64.5,1.82,187,149,52,1.2,23.4,2.4,3,983.0,True,True,False,False,True,False
57,22.14,76.6,1.86,173,141,55,1.14,25.4,2.8,4,796.0,True,False,False,True,True,False
49,24.31,81.4,1.83,167,125,73,1.98,13.6,3.5,5,1225.0,True,False,False,True,False,True
51,20.76,60.7,1.71,168,169,60,1.14,22.1,2.5,2,954.0,True,False,True,False,False,False
45,23.81,57.2,1.55,194,121,58,1.67,18.4,2.7,5,909.0,False,False,False,False,False,True
48,28.88,73.0,1.59,196,149,64,1.19,32.0,2.1,3,798.0,False,False,True,False,True,False
25,31.26,123.8,1.99,180,121,72,1.13,25.6,2.6,3,752.0,True,True,False,False,False,False
56,33.97,93.6,1.66,177,151,52,1.37,29.0,2.2,2,1024.0,True,False,True,False,False,False
43,20.83,76.8,1.92,192,161,50,1.24,21.1,2.5,3,988.0,True,False,False,True,False,False
51,23.37,54.7,1.53,167,135,69,1.11,26.8,2.0,4,674.0,False,True,False,False,True,False
20,24.52,92.3,1.94,176,131,71,1.14,24.3,2.1,3,821.0,True,True,False,False,True,False
29,29.89,71.8,1.55,190,120,68,1.2,26.3,2.4,4,720.0,False,False,False,False,True,False
18,27.14,66.9,1.57,193,127,63,1.07,30.7,2.2,3,679.0,False,False,False,False,True,False
22,15.72,48.7,1.76,165,167,66,1.37,29.0,2.2,4,1144.0,False,True,False,False,True,False
47,22.64,66.2,1.71,181,169,71,1.42,22.8,2.9,3,1188.0,True,True,False,False,False,False
47,12.91,40.0,1.76,173,132,63,0.8,26.7,2.2,3,475.0,False,False,True,False,False,False
34,32.84,112.4,1.85,162,134,66,1.18,23.4,3.6,4,870.0,True,True,False,False,True,False
40,29.14,70.0,1.55,171,163,74,0.85,31.1,1.5,3,693.0,False,False,False,True,False,False
32,27.74,84.0,1.74,195,127,63,1.45,25.8,2.1,3,1013.0,True,False,True,False,False,False
54,16.09,43.8,1.65,171,129,61,1.29,26.6,1.7,4,749.0,False,False,False,True,True,False
38,46.98,123.3,1.62,161,165,65,1.34,21.2,2.3,4,1216.0,True,False,False,True,True,False
31,23.79,57.9,1.56,161,124,50,1.8,15.1,2.7,5,1116.0,False,False,False,True,False,True
19,21.45,82.4,1.96,174,169,62,1.9,10.1,3.5,5,1766.0,True,True,False,False,False,True
28,26.47,84.8,1.79,182,138,55,1.35,28.8,2.3,4,1025.0,True,False,False,False,True,False
56,39.77,109.6,1.66,188,166,66,1.29,20.5,3.1,3,1060.0,True,False,False,False,True,False
55,27.58,86.4,1.77,176,157,61,1.0,27.3,2.8,3,777.0,True,False,False,True,True,False
51,19.72,63.9,1.8,191,130,72,1.07,33.7,2.7,4,626.0,False,True,False,False,True,False
55,26.98,70.8,1.62,166,162,68,0.54,26.0,1.8,3,394.0,False,False,True,False,False,False
51,41.34,115.3,1.67,189,139,55,1.38,24.4,2.5,3,950.0,True,False,False,True,True,False
35,22.72,55.3,1.56,187,139,56,1.71,19.8,2.7,5,1188.0,False,False,True,False,False,True
47,22.81,73.9,1.8,173,140,50,1.36,28.3,3.7,3,942.0,True,False,True,False,False,False
32,25.33,97.3,1.96,189,137,50,1.36,24.9,3.4,3,1025.0,True,True,False,False,True,False
44,22.19,60.4,1.65,176,169,54,1.27,32.6,2.1,4,966.0,False,True,False,False,True,False
51,19.02,49.3,1.61,191,129,55,1.36,28.3,2.9,2,868.0,True,False,False,False,False,False
55,28.97,91.8,1.78,165,153,65,1.44,23.5,3.4,3,1091.0,True,False,False,False,False,False
50,30.63,73.6,1.55,183,145,74,0.89,33.9,2.1,3,581.0,False,True,False,False,False,False
41,14.87,47.1,1.78,165,149,65,1.26,24.7,2.4,3,929.0,True,False,False,True,False,False
32,24.84,65.2,1.62,186,128,63,0.58,25.3,3.4,2,408.0,True,False,False,False,False,False
47,32.42,87.2,1.64,177,165,50,2.0,15.0,3.5,4,1634.0,True,False,True,False,False,True
59,33.07,96.7,1.71,183,150,62,0.57,28.4,2.9,3,423.0,True,False,False,True,False,False
34,18.09,46.9,1.61,196,161,69,1.02,28.6,1.7,3,821.0,False,False,True,False,True,False
22,27.47,72.1,1.62,183,123,59,1.38,25.1,2.1,3,849.0,False,True,False,False,False,False
46,26.35,62.5,1.54,197,125,73,1.61,18.1,2.7,4,906.0,False,False,True,False,False,True
21,38.76,110.7,1.69,193,133,59,1.06,27.0,2.7,3,775.0,True,False,False,True,False,False
27,30.64,102.6,1.83,199,123,58,1.41,26.5,3.5,3,954.0,True,True,False,False,True,False
34,24.5,64.3,1.62,174,145,62,1.76,19.8,2.7,5,1276.0,False,False,False,True,False,True
27,31.13,80.7,1.61,170,166,52,1.75,14.3,3.5,4,1598.0,True,False,True,False,False,True
34,35.19,115.3,1.81,181,167,67,1.36,24.5,2.2,2,1249.0,True,False,False,True,False,False
37,30.74,87.8,1.69,183,158,69,1.81,10.3,3.5,5,1573.0,True,True,False,False,False,True
41,28.66,74.3,1.61,160,136,51,1.06,24.8,3.5,4,714.0,True,False,True,False,True,False
22,27.16,78.5,1.7,177,138,66,1.36,31.9,2.1,4,938.0,False,False,True,False,True,False
51,30.96,77.3,1.58,171,168,68,0.97,31.1,2.0,2,733.0,False,False,False,False,False,False
23,22.32,64.5,1.7,187,125,72,0.51,30.4,1.7,2,319.0,False,False,False,False,False,False
19,19.13,72.0,1.94,199,148,62,1.17,24.7,3.2,3,952.0,True,False,False,True,True,False
30,24.87,77.9,1.77,166,130,62,1.41,27.9,2.6,4,916.0,False,False,False,False,True,False
28,27.88,69.6,1.58,182,135,50,1.49,27.8,2.0,3,1006.0,False,False,False,False,True,False
40,17.4,68.9,1.99,180,149,51,1.16,25.0,2.4,4,951.0,True,False,False,False,True,False
33,12.85,45.9,1.89,193,144,50,1.45,21.6,2.9,3,1148.0,True,False,False,False,True,False
48,23.88,68.2,1.69,170,159,73,0.75,28.4,2.5,3,537.0,False,True,False,False,False,False
28,31.49,79.6,1.59,181,130,54,1.49,28.2,1.5,3,968.0,False,True,False,False,True,False
33,23.2,53.6,1.52,194,126,73,1.02,30.9,2.3,2,643.0,False,False,False,False,False,False
25,23.11,57.7,1.58,188,145,52,1.36,25.7,2.2,3,986.0,False,False,False,True,True,False
21,19.92,74.2,1.93,187,141,56,1.32,28.3,2.5,3,1024.0,True,True,False,False,True,False
57,26.46,64.4,1.56,177,144,73,1.52,17.8,2.7,5,985.0,False,False,False,False,False,True
21,17.33,54.9,1.78,173,138,71,0.55,31.7,2.0,2,380.0,False,True,False,False,False,False
42,18.7,50.3,1.64,177,150,62,0.63,27.0,2.4,3,468.0,True,False,True,False,False,False
20,16.48,46.5,1.68,187,145,72,0.91,27.9,2.4,2,660.0,False,True,False,False,False,False
49,14.6,57.8,1.99,183,161,67,0.93,24.7,3.1,3,741.0,True,True,False,False,False,False
20,25.62,83.0,1.8,167,160,73,0.79,29.6,2.9,2,695.0,True,False,False,True,False,False
44,25.75,82.5,1.79,167,155,70,1.51,13.8,3.5,5,1159.0,True,True,False,False,False,True
46,22.22,66.5,1.73,163,142,56,1.11,34.7,2.0,3,709.0,False,False,False,True,False,False
49,25.17,70.2,1.67,186,166,50,0.93,32.5,1.8,3,695.0,False,False,True,False,False,False
36,32.73,121.9,1.93,195,132,54,1.49,21.8,3.4,3,1082.0,True,False,False,False,True,False
38,30.43,70.3,1.52,164,144,66,1.19,25.6,2.0,4,857.0,False,False,False,True,True,False
22,16.56,40.3,1.56,192,121,57,1.45,30.8,2.1,4,877.0,False,True,False,False,True,False
35,32.74,101.4,1.76,193,121,64,0.84,23.6,2.9,2,559.0,True,True,False,False,False,False
45,20.83,79.2,1.95,189,135,69,1.47,22.8,2.8,3,982.0,True,False,False,True,True,False
59,24.19,75.8,1.77,167,128,53,1.46,33.1,1.8,3,841.0,False,False,True,False,False,False
39,20.29,71.7,1.88,198,147,51,0.55,23.7,2.2,2,445.0,True,False,False,False,False,False
38,23.71,57.7,1.56,185,132,54,1.64,16.6,2.7,5,1082.0,False,True,False,False,False,True
23,18.52,47.4,1.6,196,154,50,0.76,33.5,1.6,3,585.0,False,False,True,False,False,False
18,18.68,57.2,1.75,193,160,74,1.29,33.5,2.4,3,1032.0,False,False,False,False,True,False
22,15.14,44.8,1.72,166,132,54,1.48,28.6,1.8,4,977.0,False,False,False,False,True,False
58,30.49,90.2,1.72,199,150,55,0.9,28.3,2.1,2,668.0,True,True,False,False,False,False
29,28.7,84.9,1.72,187,140,51,1.79,14.3,3.5,4,1378.0,True,False,False,True,False,True
43,30.55,95.7,1.77,198,151,50,1.08,24.2,3.4,3,807.0,True,True,False,False,False,False
51,21.67,59.0,1.65,198,153,53,1.22,20.7,2.3,3,924.0,True,True,False,False,True,False
31,19.31,60.5,1.77,187,127,56,1.72,15.0,2.7,4,1092.0,False,True,False,False,False,True
43,18.19,53.8,1.72,173,160,71,1.03,30.2,2.3,4,742.0,False,False,True,False,True,False
44,22.31,86.6,1.97,197,167,50,1.66,11.7,3.5,5,1372.0,True,False,False,True,False,True
26,26.1,72.8,1.67,163,121,50,1.37,35.0,1.9,2,829.0,False,False,True,False,False,False
43,21.16,66.3,1.77,177,157,57,1.48,32.7,1.7,4,1046.0,False,True,False,False,True,False
39,21.87,56.0,1.6,184,151,69,0.89,32.6,2.0,2,672.0,False,False,False,True,False,False
47,12.32,45.9,1.93,166,159,65,1.29,29.6,2.0,3,1015.0,True,False,False,False,True,False
34,32.72,88.0,1.64,197,147,70,1.9,14.4,3.5,4,1536.0,True,False,False,True,False,True
43,29.34,94.0,1.79,187,156,62,1.31,23.2,3.4,2,1012.0,True,True,False,False,False,False
53,13.95,44.7,1.79,164,160,72,1.34,26.7,2.1,3,965.0,False,False,False,True,True,False
18,23.79,63.2,1.63,162,120,73,0.66,27.5,2.2,3,436.0,True,False,False,False,False,False
25,26.48,95.6,1.9,190,160,72,1.47,23.8,2.4,4,1294.0,True,False,False,False,True,False
52,13.82,47.8,1.86,179,129,67,1.01,24.7,2.8,3,645.0,True,False,False,True,True,False
32,31.71,85.3,1.64,178,123,69,1.77,13.2,3.5,4,1197.0,True,False,False,False,False,True
39,17.83,59.7,1.83,170,154,59,1.35,29.1,2.3,4,1143.0,True,False,True,False,True,False
31,17.91,70.2,1.98,199,129,61,0.71,24.2,2.5,2,504.0,True,False,False,True,False,False
43,22.44,72.7,1.8,162,166,50,0.79,32.8,2.1,3,590.0,False,False,False,False,False,False
45,15.73,50.4,1.79,182,130,59,0.74,27.7,2.5,2,433.0,False,False,False,False,False,False
40,26.99,81.7,1.74,166,133,58,0.91,27.0,2.7,2,666.0,True,False,False,True,False,False
31,18.79,49.3,1.62,182,157,52,0.56,20.0,3.2,2,484.0,True,False,True,False,False,False
41,23.01,61.9,1.64,166,131,68,1.93,19.4,2.7,4,1138.0,False,False,False,True,False,True
19,17.4,49.1,1.68,193,164,58,1.42,25.3,2.6,4,1164.0,False,False,False,False,True,False
43,19.86,66.5,1.83,178,136,59,1.11,27.1,2.4,3,747.0,True,False,False,True,True,False
31,20.27,75.5,1.93,168,135,68,0.6,20.5,3.4,2,446.0,True,False,False,False,False,False
24,27.53,88.2,1.79,177,154,65,1.76,11.3,3.5,4,1491.0,True,True,False,False,False,True
20,24.42,74.8,1.75,184,121,73,1.33,25.0,3.3,3,885.0,True,False,False,True,True,False
40,28.2,72.2,1.6,173,130,67,0.87,29.2,1.9,3,566.0,False,False,False,True,False,False
35,23.64,62.8,1.63,184,160,63,1.41,21.9,3.7,4,1241.0,True,False,False,False,True,False
55,26.43,84.7,1.79,178,122,52,1.19,23.3,2.4,3,719.0,True,False,False,False,True,False
52,40.79,116.5,1.69,198,148,51,0.53,27.3,2.4,2,388.0,True,False,False,False,False,False
32,21.0,77.4,1.92,174,137,50,1.39,26.7,3.3,3,1047.0,True,False,False,False,True,False
42,27.78,72.9,1.62,175,139,67,1.17,25.7,2.0,4,732.0,False,False,False,True,True,False
54,23.1,58.4,1.59,186,166,73,1.08,32.5,1.9,2,807.0,False,False,False,False,False,False
45,27.11,64.3,1.54,199,133,58,1.67,15.3,2.7,4,999.0,False,False,False,True,False,True
27,25.54,89.3,1.87,169,153,62,1.62,12.7,3.5,5,1363.0,True,False,True,False,False,True
56,34.8,90.2,1.61,163,168,51,1.38,22.6,2.3,3,1148.0,True,False,False,True,True,False
34,22.48,59.0,1.62,178,150,56,1.13,30.9,2.4,4,847.0,False,False,False,False,True,False
56,16.97,58.7,1.86,187,159,65,1.09,22.6,3.3,3,858.0,True,False,False,False,True,False
39,38.49,127.5,1.82,180,161,70,1.26,29.8,3.0,3,1116.0,True,False,True,False,True,False
43,29.69,68.6,1.52,173,137,68,1.42,28.1,2.6,4,875.0,False,False,False,True,True,False
42,24.22,56.7,1.53,192,149,74,1.07,27.4,1.9,3,717.0,False,False,True,False,False,False
34,20.36,64.5,1.78,169,144,64,1.33,27.8,1.8,4,958.0,False,False,False,True,True,False
30,26.66,61.6,1.52,178,138,71,1.78,19.5,2.7,4,1228.0,False,False,False,False,False,True
37,22.67,75.1,1.82,189,127,60,1.23,26.4,3.2,4,859.0,True,False,False,True,True,False
42,21.29,79.3,1.93,181,147,50,1.22,27.3,3.3,2,888.0,True,False,False,False,False,False
21,25.72,72.6,1.68,162,127,70,1.19,34.2,1.8,3,756.0,False,False,False,False,True,False
27,26.54,76.7,1.7,196,150,56,0.96,29.1,2.1,3,792.0,True,True,False,False,False,False
20,17.05,44.2,1.61,177,122,69,1.08,32.4,2.5,2,659.0,False,True,False,False,False,False
58,19.55,56.5,1.7,170,122,57,0.74,27.0,2.7,2,406.0,False,False,False,True,False,False
35,37.98,100.9,1.63,161,163,59,1.1,28.4,3.1,2,986.0,True,False,False,False,False,False
53,23.23,55.8,1.55,171,141,54,1.12,27.0,1.8,4,711.0,False,False,True,False,True,False
39,15.65,58.3,1.93,165,136,58,1.35,27.4,3.7,4,1010.0,True,False,False,False,True,False
51,15.51,48.6,1.77,199,155,74,1.47,26.9,3.5,2,1128.0,True,False,True,False,False,False
25,21.49,81.7,1.95,188,136,74,1.94,13.8,3.5,4,1451.0,True,False,False,True,False,True
57,29.97,85.6,1.69,189,133,50,1.76,12.7,3.5,5,1159.0,True,False,False,True,False,True
36,20.28,60.0,1.72,161,128,51,1.63,18.2,2.7,5,1043.0,False,False,True,False,False,True
59,44.26,126.4,1.69,168,149,68,1.24,29.5,2.9,3,915.0,True,False,True,False,False,False
58,23.8,75.4,1.78,161,140,63,1.05,26.0,2.5,4,662.0,False,False,False,False,True,False
54,22.48,64.2,1.69,188,131,69,1.69,16.5,2.7,4,996.0,False,False,False,True,False,True
23,24.84,65.2,1.62,192,156,59,1.37,31.1,2.5,3,1069.0,False,False,False,False,True,False
43,25.44,70.1,1.66,169,151,58,0.99,34.6,2.6,2,673.0,False,False,True,False,False,False
51,32.75,102.6,1.77,193,130,59,1.21,21.0,3.4,2,779.0,True,True,False,False,False,False
23,28.78,107.2,1.93,167,139,55,1.15,20.2,3.1,4,879.0,True,True,False,False,True,False
54,18.45,56.5,1.75,196,154,66,1.76,15.3,2.7,5,1220.0,False,True,False,False,False,True
50,20.11,61.6,1.75,192,166,74,1.22,25.5,2.2,4,911.0,False,False,True,False,True,False
39,26.68,81.7,1.75,165,165,55,1.32,29.1,2.8,4,1198.0,True,False,False,False,True,False
38,30.68,76.6,1.58,199,130,53,0.74,32.2,2.3,2,481.0,False,False,False,True,False,False
23,36.45,116.8,1.79,178,127,69,1.0,26.8,3.4,4,698.0,True,False,True,False,True,False
23,23.77,60.1,1.59,191,123,52,1.8,17.6,2.7,4,1107.0,False,True,False,False,False,True
21,31.31,93.7,1.73,186,146,72,1.0,27.8,3.6,2,803.0,True,False,False,False,False,False
47,16.66,41.6,1.58,160,163,68,1.03,26.6,2.1,4,756.0,False,False,False,True,True,False
28,17.2,55.1,1.79,192,159,67,1.99,17.0,2.7,5,1582.0,False,False,False,True,False,True
47,41.03,127.1,1.76,199,157,73,0.71,24.9,3.0,2,552.0,True,False,True,False,False,False
48,26.99,69.1,1.6,191,166,53,1.34,26.1,2.0,4,1001.0,False,False,True,False,True,False
41,22.06,66.8,1.74,164,149,57,1.34,29.2,2.3,3,898.0,False,False,False,True,False,False
26,40.52,125.5,1.76,176,163,66,1.15,23.2,3.1,4,1031.0,True,False,False,True,True,False
20,28.56,71.3,1.58,167,167,54,1.07,25.4,1.5,3,893.0,False,True,False,False,True,False
48,49.84,129.2,1.61,193,167,62,1.06,21.4,2.9,4,876.0,True,False,False,True,True,False
57,27.84,96.3,1.86,168,146,74,1.1,27.6,2.2,3,795.0,True,False,True,False,True,False
54,28.46,67.5,1.54,182,140,50,0.72,25.2,1.5,3,454.0,False,False,False,False,False,False
53,26.81,64.4,1.55,194,139,62,1.77,19.7,2.7,4,1107.0,False,True,False,False,False,True
41,26.33,64.9,1.57,166,123,53,1.04,25.9,2.4,4,576.0,False,True,False,False,True,False
48,18.98,52.3,1.66,174,130,71,0.74,33.0,1.8,3,433.0,False,False,False,True,False,False
23,23.6,56.7,1.55,179,132,73,1.38,34.0,1.9,4,911.0,False,False,False,False,True,False
19,17.61,46.8,1.63,184,128,63,1.35,34.4,1.6,4,864.0,False,True,False,False,True,False
37,22.44,70.3,1.77,162,123,52,1.01,33.7,1.7,2,621.0,False,False,True,False,False,False
45,26.08,80.8,1.76,183,131,54,1.7,11.4,3.5,4,1102.0,True,False,False,True,False,True
28,24.89,56.0,1.5,193,128,56,1.94,16.7,2.7,5,1242.0,False,False,True,False,False,True
21,29.89,101.2,1.84,181,132,50,1.3,24.3,3.3,2,944.0,True,False,False,True,False,False
32,22.96,56.6,1.57,170,167,72,1.65,15.7,2.7,4,1378.0,False,True,False,False,False,True
23,13.36,40.9,1.75,167,145,61,0.82,25.2,2.1,3,594.0,False,False,False,True,False,False
47,46.94,127.8,1.65,198,157,60,0.77,28.7,3.5,2,598.0,True,False,False,False,False,False
55,15.92,49.3,1.76,194,161,73,1.28,30.5,2.0,2,927.0,False,False,True,False,False,False
19,24.2,64.3,1.63,197,132,57,1.87,18.0,2.7,5,1234.0,False,False,False,False,False,True
32,18.79,49.3,1.62,167,158,74,1.18,29.3,2.5,3,1025.0,True,False,True,False,True,False
28,24.01,63.0,1.62,196,147,55,0.68,31.7,1.9,2,500.0,False,False,True,False,False,False
25,14.74,41.1,1.67,186,138,71,1.03,31.9,2.4,3,711.0,False,False,False,True,True,False
43,13.38,40.5,1.74,187,143,51,1.5,32.9,2.2,3,965.0,False,True,False,False,True,False
22,27.05,71.0,1.62,199,138,68,0.91,21.2,3.5,2,691.0,True,True,False,False,False,False
23,23.21,60.9,1.62,193,168,69,1.59,16.8,2.7,5,1336.0,False,False,False,False,False,True
43,23.48,64.7,1.66,191,132,69,1.88,19.8,2.7,4,1117.0,False,False,False,True,False,True
21,17.44,51.0,1.71,174,132,73,1.07,34.2,2.2,3,706.0,False,True,False,False,True,False
36,18.42,57.7,1.77,176,147,63,1.65,19.4,2.7,4,1213.0,False,False,True,False,False,True
37,23.22,76.9,1.82,192,121,50,1.49,24.5,2.8,4,992.0,True,False,True,False,True,False
50,25.7,80.5,1.77,175,129,59,1.85,14.3,3.5,4,1181.0,True,False,False,True,False,True
37,24.21,73.3,1.74,188,141,65,1.03,25.5,2.4,3,726.0,False,False,False,False,True,False
29,19.88,49.0,1.57,168,132,53,1.33,26.5,2.6,3,878.0,False,False,False,True,True,False
18,29.5,114.5,1.97,192,128,60,1.03,24.1,2.6,3,725.0,True,False,False,False,False,False
43,25.56,81.0,1.78,188,152,65,1.58,12.4,3.5,5,1189.0,True,False,False,True,False,True
31,17.27,53.5,1.76,172,133,69,1.22,27.6,1.8,4,811.0,False,False,True,False,True,False
55,18.46,52.1,1.68,180,167,50,0.77,23.6,3.0,3,637.0,True,False,False,True,False,False
54,30.34,70.1,1.52,180,139,65,0.76,26.6,2.1,2,475.0,False,True,False,False,False,False
28,27.43,86.9,1.78,164,134,68,1.29,24.9,3.7,4,951.0,True,True,False,False,True,False
53,23.7,73.4,1.76,169,151,70,1.09,27.9,2.8,3,815.0,True,False,False,True,True,False
30,32.66,90.0,1.66,165,152,71,1.32,26.6,2.1,4,1104.0,True,False,False,False,True,False
20,23.25,85.7,1.92,172,136,58,1.72,10.5,3.5,5,1287.0,True,False,False,False,False,True
50,29.3,70.4,1.55,160,143,58,0.73,29.9,2.7,2,470.0,False,False,True,False,False,False
23,19.73,57.7,1.71,179,149,58,1.15,27.0,3.4,3,942.0,True,False,True,False,True,False
27,24.44,75.7,1.76,167,132,66,0.68,25.3,2.3,3,494.0,True,False,False,False,False,False
22,26.75,61.8,1.52,169,166,61,1.83,17.0,2.7,5,1519.0,False,False,False,True,False,True
40,25.92,80.3,1.76,168,167,74,1.63,13.1,3.5,5,1497.0,True,False,True,False,False,True
27,36.95,104.3,1.68,162,135,62,1.28,29.7,3.5,3,950.0,True,False,False,False,True,False
19,26.32,65.7,1.58,170,121,57,1.46,25.9,1.9,3,883.0,False,False,False,False,True,False
30,31.32,120.3,1.96,171,136,65,0.66,23.9,2.6,2,494.0,True,False,False,True,False,False
57,21.06,51.9,1.57,169,151,67,1.05,29.1,2.6,3,713.0,False,True,False,False,True,False
19,23.98,59.1,1.57,184,162,50,1.65,17.9,2.7,5,1336.0,False,False,False,False,False,True
37,21.84,66.9,1.75,184,127,50,1.38,26.5,2.1,4,876.0,False,False,True,False,True,False
18,21.84,66.9,1.75,170,122,61,0.94,26.8,1.7,2,573.0,False,False,False,True,False,False
54,28.56,78.7,1.66,195,131,55,1.42,22.9,2.6,3,921.0,True,False,False,True,True,False
26,24.07,62.4,1.61,198,139,58,1.88,19.8,2.7,4,1307.0,False,False,False,True,False,True
34,34.92,102.1,1.71,185,135,72,0.96,27.3,3.2,2,713.0,True,True,False,False,False,False
26,12.97,51.9,2.0,173,133,54,0.75,26.6,2.3,2,549.0,True,True,False,False,False,False
28,14.57,58.3,2.0,198,135,65,1.32,28.2,3.0,4,980.0,True,False,True,False,True,False
32,24.36,89.8,1.92,199,168,67,1.93,10.6,3.5,4,1783.0,True,False,True,False,False,True
41,30.19,101.1,1.83,160,162,66,0.79,28.6,3.2,2,634.0,True,False,False,True,False,False
55,40.09,118.6,1.72,163,168,67,0.77,25.9,2.6,3,640.0,True,False,True,False,False,False
52,24.78,84.8,1.85,189,152,50,1.19,23.4,3.2,2,895.0,True,False,False,False,False,False
47,25.54,80.0,1.77,171,149,68,0.72,28.2,3.5,3,531.0,True,True,False,False,False,False
48,21.83,73.1,1.83,194,131,71,1.05,28.0,2.8,4,681.0,True,False,False,True,True,False
22,41.56,117.3,1.68,172,134,57,1.24,28.5,2.7,3,914.0,True,False,False,True,True,False
31,26.47,77.4,1.71,190,137,52,1.26,26.2,1.8,4,863.0,False,False,False,False,True,False
28,26.14,72.9,1.67,197,147,74,1.13,34.7,2.2,3,831.0,False,False,False,False,True,False
26,31.64,71.2,1.5,182,142,54,1.15,34.6,2.6,2,816.0,False,False,False,False,False,False
51,33.61,88.2,1.62,163,133,72,1.56,11.8,3.5,4,1027.0,True,False,False,False,False,True
29,23.33,75.6,1.8,175,149,57,1.31,25.7,1.9,4,976.0,False,False,False,True,True,False
52,23.79,57.9,1.56,166,152,68,1.66,15.8,2.7,4,1135.0,False,True,False,False,False,True
52,28.28,70.6,1.58,181,164,67,1.02,34.9,2.0,3,753.0,False,True,False,False,True,False
18,44.1,118.6,1.64,188,134,67,0.94,25.6,2.7,3,693.0,True,False,False,False,False,False
57,14.07,55.7,1.99,170,126,70,1.13,23.6,3.0,3,705.0,True,False,True,False,True,False
39,27.18,102.3,1.94,192,134,50,0.89,22.9,2.4,3,656.0,True,False,False,True,False,False
46,20.76,72.6,1.87,188,161,64,1.31,22.6,3.4,4,1044.0,True,True,False,False,True,False
25,22.6,63.8,1.68,198,165,67,0.95,31.6,1.9,2,784.0,False,False,False,False,False,False
28,24.13,67.3,1.67,171,157,74,0.61,29.2,2.3,3,479.0,False,False,True,False,False,False
58,23.75,59.3,1.58,166,165,56,1.97,19.8,2.7,4,1463.0,False,False,True,False,False,True
54,28.68,70.7,1.57,198,163,65,1.14,31.8,2.1,3,836.0,False,False,False,False,False,False
31,30.43,86.9,1.69,185,130,65,1.72,14.0,3.5,4,1230.0,True,False,False,True,False,True
47,27.2,98.2,1.9,199,148,64,0.76,22.9,3.0,3,557.0,True,True,False,False,False,False
52,24.23,63.6,1.62,168,150,55,1.3,20.8,2.3,4,965.0,True,False,True,False,True,False
38,16.01,45.2,1.68,193,144,58,1.01,29.9,2.4,3,727.0,False,True,False,False,True,False
54,44.66,117.2,1.62,172,143,56,1.04,23.1,2.3,4,736.0,True,True,False,False,True,False
22,35.47,107.4,1.74,195,138,63,1.34,22.0,2.2,2,1017.0,True,False,True,False,False,False
36,18.65,59.1,1.78,184,121,60,0.85,34.5,2.2,2,514.0,False,False,False,False,False,False
31,19.82,53.3,1.64,183,141,70,0.57,29.4,2.4,3,402.0,False,False,True,False,False,False
43,17.39,46.2,1.63,176,139,65,1.18,21.7,2.1,2,812.0,True,False,True,False,False,False
21,25.85,67.0,1.61,161,152,74,1.32,22.0,2.1,3,1104.0,True,False,False,True,True,False
42,27.55,86.3,1.77,172,127,55,1.77,11.4,3.5,4,1113.0,True,True,False,False,False,True
59,30.66,85.5,1.67,190,144,71,1.99,15.0,3.5,5,1418.0,True,False,False,False,False,True
42,20.07,70.2,1.87,188,165,65,1.38,22.7,3.4,3,1127.0,True,True,False,False,True,False
35,48.43,127.1,1.62,187,128,69,1.02,23.3,3.4,4,718.0,True,False,True,False,True,False
57,27.11,75.6,1.67,186,153,65,1.05,31.6,1.8,3,723.0,False,False,False,False,True,False
25,22.99,62.6,1.65,174,142,61,1.2,27.9,2.2,3,852.0,False,False,False,False,False,False
56,23.79,55.7,1.53,190,124,66,1.91,16.1,2.7,5,1066.0,False,False,False,False,False,True
57,31.74,96.1,1.74,199,144,54,1.21,21.6,2.8,3,862.0,True,False,False,False,True,False
31,29.23,76.7,1.62,174,127,74,1.39,28.1,2.3,4,883.0,False,False,False,True,True,False
49,16.01,57.2,1.89,192,135,62,1.14,21.1,3.5,2,762.0,True,False,False,False,False,False
55,21.34,69.9,1.81,179,167,57,1.2,20.2,2.1,4,992.0,True,False,True,False,True,False
50,21.67,67.9,1.77,171,164,73,1.03,33.0,2.4,3,760.0,False,False,False,True,True,False
40,25.14,87.9,1.87,196,134,54,1.96,10.7,3.5,5,1445.0,True,False,True,False,False,True
32,26.22,102.8,1.98,168,120,61,1.24,27.8,2.8,3,818.0,True,False,True,False,True,False
50,23.02,51.8,1.5,182,141,58,1.32,33.0,2.2,3,838.0,False,True,False,False,False,False
42,23.41,57.7,1.57,167,122,52,1.83,17.7,2.7,4,1005.0,False,False,False,False,False,True
34,23.28,66.5,1.69,191,157,52,0.81,28.1,2.3,3,636.0,False,False,False,False,False,False
50,36.8,95.4,1.61,173,133,50,1.16,21.5,3.6,4,764.0,True,False,True,False,True,False
19,27.03,69.2,1.6,186,155,74,1.17,32.4,1.6,3,907.0,False,False,False,False,False,False
31,23.88,66.6,1.67,184,137,71,1.02,31.0,1.5,4,699.0,False,False,False,True,True,False
57,30.63,83.4,1.65,172,166,67,1.57,13.3,3.5,4,1290.0,True,True,False,False,False,True
57,14.3,43.8,1.75,180,160,73,1.39,25.1,1.7,2,1001.0,False,False,False,False,False,False
56,22.48,64.2,1.69,190,137,61,1.99,19.6,2.7,5,1227.0,False,False,False,False,False,True
23,16.8,44.1,1.62,196,122,58,0.58,25.7,2.7,2,354.0,False,False,False,True,False,False
23,23.93,87.3,1.91,164,129,58,1.87,11.8,3.5,5,1327.0,True,True,False,False,False,True
20,21.48,55.0,1.6,172,168,67,1.12,24.0,3.2,4,1035.0,True,False,False,True,True,False
24,28.77,87.1,1.74,187,158,67,1.57,10.0,3.5,4,1364.0,True,False,True,False,False,True
25,25.69,66.6,1.61,184,166,56,1.38,25.0,3.0,2,1260.0,True,False,True,False,False,False
59,19.5,60.4,1.76,194,120,53,1.72,18.8,2.7,5,929.0,False,False,False,False,False,True
32,37.74,126.4,1.83,198,146,62,1.1,28.2,2.1,3,883.0,True,True,False,False,True,False
46,33.38,88.7,1.63,166,146,66,0.75,28.8,3.5,2,542.0,True,False,True,False,False,False
